No,Country (EN),Country (KR),Service Name (EN),Service Name (Native),URL,Type,Content Focus,Status,Category,In Original List,Notes
1,Global / Multi-country,글로벌(다국가),Netflix,Netflix,https://www.netflix.com,SVOD,"General; per-territory local & national-cinema catalogs, local-language originals",Active,Global Major,Added,Catalog differs sharply by country.
2,Global / Multi-country,글로벌(다국가),Amazon Prime Video,Amazon Prime Video,https://www.primevideo.com,SVOD + TVOD,"General + region-specific titles, local originals; rent/buy store",Active,Global Major,Added,In ~240 countries; TVOD rent/buy store only in ~13 markets.
3,Global / Multi-country,글로벌(다국가),Apple TV,Apple TV,https://tv.apple.com,SVOD + TVOD,Originals-led; iTunes-style movie rent/buy in-app,"Rebranded (Apple TV+→Apple TV, 2025)",Global Major,Added,Renamed from 'Apple TV+' to 'Apple TV' Nov 2025. TVOD store in app.
4,Global / Multi-country,글로벌(다국가),Disney+,Disney+,https://www.disneyplus.com,SVOD,Disney/Pixar/Marvel/Star + per-territory local catalogs,Active,Global Major,Added,India: folded into JioHotstar (2025). ID/MY/TH 'Disney+ Hotstar'→'Disney+' (Oct 2025).
5,Global / Multi-country,글로벌(다국가),Google TV,Google TV,https://tv.google.com,TVOD,Movie/TV rent & buy storefront; aggregates subscriptions,"Rebranded (from Google Play Movies, 2024)",Global Major,Added,Google Play Movies & TV discontinued Jan 2024; rent/buy now via Google TV app + YouTube.
6,Global / Multi-country,글로벌(다국가),YouTube (Movies & TV),YouTube,https://www.youtube.com/feed/storefront,TVOD + AVOD,Movie/TV rent & buy library; some free ad-supported films,Active,Global Major,Added,Canonical web entry for purchased/rented movies after Play Movies sunset.
7,Global / Multi-country,글로벌(다국가),HBO Max,HBO Max,https://www.hbomax.com,SVOD,HBO/WB premium + per-territory local content,"Rebranded (Max→HBO Max, Jul 2025)",Global Major,Added,Reverted from 'Max' to 'HBO Max' on 9 Jul 2025. Expanding globally.
8,Global / Multi-country,글로벌(다국가),Paramount+,Paramount+,https://www.paramountplus.com,SVOD,Paramount/CBS/Showtime + some local content,Active,Global Major,Added,Japan service ceasing 31 Mar 2026.
9,Global / Multi-country,글로벌(다국가),Peacock,Peacock,https://www.peacocktv.com,SVOD + AVOD,NBCUniversal; US-centric,Active,Global Major,Added,US-focused; abroad mostly via partners. Optional.
10,United States,미국,Fandango at Home (formerly Vudu),Fandango at Home,https://www.fandangoathome.com,TVOD,General studio films & TV (rent/buy),"Rebranded (Vudu→Fandango at Home, Mar 2024)",Commercial OTT,Original,"vudu.com redirects. General store, not arthouse-focused."
11,United States,미국,The Criterion Channel,The Criterion Channel,https://www.criterionchannel.com,SVOD,"Arthouse, classic & world cinema",Active,Arthouse / Curated,Original,~$10.99/mo. Geo-restricted to US & Canada.
12,United States,미국,Kanopy,Kanopy,https://www.kanopy.com,Free (library),"Arthouse, indie, world, documentary",Active,Library / Educational,Added,"Free via public-library/university card. 30,000+ films."
13,United States,미국,Library of Congress – National Screening Room,National Screening Room,https://www.loc.gov/collections/national-screening-room/,Free (public/gov),"550+ historic US films 1890–1999, newsreels, public domain",Active,National Film Archive / Cinematheque,Added,Free stream + download. World's largest moving-image archive.
14,United States,미국,U.S. National Archives (NARA),National Archives,https://www.youtube.com/USNationalArchives,Free (public/gov),"Government films, newsreels, WWII; 108,000+ titles (digitizing)",Active,National Film Archive / Cinematheque,Added,Free via NARA Online Catalog + YouTube. Mostly public-domain.
15,Canada,캐나다,Crave,Crave,https://www.crave.ca,SVOD + AVOD,General (HBO/Starz + Canadian CTV/Noovo),Active,Commercial OTT,Original,Bell Media. Canada-only.
16,Canada,캐나다,National Film Board of Canada,Office national du film du Canada (ONF),https://www.nfb.ca,Free (public),"Documentary, animation, Indigenous & Canadian cinema",Active,National Cinema / Film Institute,Original,"7,000+ films free."
17,Argentina,아르헨티나,CINE.AR PLAY,CINE.AR PLAY,https://play.cine.ar,Free (public),Argentine national cinema,Active (governance volatile),National Cinema / Film Institute,Original,INCAA platform. Geo-restricted to Argentina; 2025 decree threatens privatization.
18,Argentina,아르헨티나,Cinemargentino,Cinemargentino,https://www.cinemargentino.com,TVOD / SVOD,Argentine independent cinema,Active,Arthouse / Curated,Added,Private alternative to state-run CINE.AR.
19,Brazil,브라질,Globoplay,Globoplay,https://globoplay.globo.com,SVOD + AVOD + TVOD,"General (telenovelas, Brazilian films/series)",Active,Commercial OTT,Original,Grupo Globo. Full catalog geo-locked to Brazil.
20,Brazil,브라질,Itaú Cultural Play,Itaú Cultural Play,https://www.itauculturalplay.com.br,Free (sponsor-funded),"Brazilian cinema, docs, festivals",Active,Arthouse / Curated,Added,"Free, curated, no ads."
21,Brazil,브라질,Spcine Play,Spcine Play,https://www.spcineplay.com.br,Free (public),Brazilian / São Paulo cinema,Active,National Cinema / Film Institute,Added,Brazil's first public streaming platform (2017).
22,Brazil,브라질,Sesc Digital,Sesc Digital,https://sesc.digital,Free (non-profit),"Brazilian fiction, docs, SescTV originals",Active,Arthouse / Curated,Added,Sesc São Paulo. Free.
23,Brazil,브라질,Looke,Looke,https://www.looke.com.br,SVOD + TVOD,"Brazilian national films, shorts, docs, animation",Active,Commercial OTT,Added,Owned by Encripta. Strong Brazilian catalog.
24,Brazil,브라질,Banco de Conteúdos Culturais (Cinemateca Brasileira),Banco de Conteúdos Culturais,https://www.bcc.org.br,Free (public),"South America's largest AV archive; Brazilian films, docs",Active,National Film Archive / Cinematheque,Added,Free public streaming. National film archive.
25,Chile,칠레,OndaMedia,OndaMedia,https://ondamedia.cl,Free (public),Chilean national cinema & documentary,Active,National Cinema / Film Institute,Original,Ministry of Cultures. Free with registration.
26,Chile,칠레,Cineteca Nacional de Chile – Cineteca Online,Cineteca Nacional de Chile,https://www.cinetecanacional.cl,Free (public),"290+ Chilean films, docs, animation, heritage",Active,National Film Archive / Cinematheque,Added,"Free, universal access. Centro Cultural La Moneda."
27,Colombia,콜롬비아,RTVCPlay,RTVCPlay,https://www.rtvcplay.co,Free (public),"Colombian cinema, series, documentaries",Active,Public Broadcaster,Original,"RTVC public media. 100% free, no registration."
28,Mexico,멕시코,Nuestro Cine MX,Nuestro Cine MX,https://www.nuestrocine.mx,Free + SVOD/TVOD,"Mexican national cinema, arthouse, classics",Active,National Cinema / Film Institute,Added,IMCINE flagship; successor to FilminLatino (2024).
29,Mexico,멕시코,Filmoteca UNAM – Cine en línea,Filmoteca UNAM – Cine en línea,https://cineenlinea.filmoteca.unam.mx,Free (public),"100+ restored Mexican silents, docs, fiction",Active,National Film Archive / Cinematheque,Added,"Free worldwide, no registration. UNAM national archive."
30,Latin America (regional),라틴아메리카(지역),Retina Latina,Retina Latina,https://www.retinalatina.org,Free (public),"Latin American cinema (CO, MX, BO, EC, PE, UY, Cuba)",Active,National Cinema / Film Institute,Added,IDB-backed regional co-op. Free in LatAm.
31,Latin America (regional),라틴아메리카(지역),ViX,ViX,https://www.vix.com,AVOD + SVOD,"Spanish-language films, novelas, sport",Active,Commercial OTT,Added,TelevisaUnivision; largest global Spanish-language streamer.
32,Latin America (regional),라틴아메리카(지역),Claro video,Claro video,https://www.clarovideo.com,SVOD + TVOD + Free,"Films, series, live channels",Active,Commercial OTT,Added,América Móvil; 16 countries (strong MX/CO/PE).
33,United Kingdom,영국,BFI Player,BFI Player,https://player.bfi.org.uk,SVOD + TVOD + Free,"British Film Institute: classics, world cinema, archive",Active,National Film Archive / Cinematheque,Original,£6.99/mo + rentals. Also a channel on Prime/Apple TV.
34,United Kingdom,영국,Curzon Home Cinema,Curzon Home Cinema,https://homecinema.curzon.com,TVOD,Arthouse/indie new releases + classics,Active,Arthouse / Curated,Original,Per-film rental. UK & Ireland.
35,United Kingdom,영국,BBC iPlayer,BBC iPlayer,https://www.bbc.co.uk/iplayer,Free (public),"BBC catch-up + live; British drama, film, docs",Active,Public Broadcaster,Added,Flagship UK free public service; requires UK TV licence.
36,United Kingdom,영국,ITVX,ITVX,https://www.itv.com,AVOD + SVOD,"ITV originals, films, boxsets, FAST channels",Active,Commercial OTT,Added,Formerly ITV Hub. Premium £5.99/mo.
37,United Kingdom,영국,Channel 4,Channel 4,https://www.channel4.com,AVOD (free),C4/E4 catch-up; 'Walter Presents' foreign film,Active,Public Broadcaster,Added,"Publicly-owned, ad-funded. Formerly 'All 4'."
38,France,프랑스,LaCinetek,LaCinetek,https://www.lacinetek.com,TVOD + SVOD,Heritage cinema curated by directors,Active,Arthouse / Curated,Original,Source URL was fake Google link; real = lacinetek.com. FR/DE/BE/LU/AT.
39,France,프랑스,Canal VOD (Canal+ VOD),Canal VOD,https://vod.canalplus.com,TVOD,Mainstream + catalogue rent/buy,Active,Commercial OTT,Original,No Canal+ subscription required.
40,France,프랑스,Canal+ (myCanal),Canal+,https://www.canalplus.com,SVOD,"Premier French SVOD; films, sport, aggregator",Active (myCanal brand phased out 2025),Commercial OTT,Added,France's flagship pay SVOD.
41,France,프랑스,France.tv,france.tv,https://www.france.tv,Free (public),France Télévisions catch-up + live,Active,Public Broadcaster,Added,Main French free public platform.
42,France,프랑스,UniversCiné,UniversCiné,https://www.universcine.com,TVOD + SVOD,"French/European independent cinema (~9,000 films)",Active (rebranding to Sooner),Arthouse / Curated,Added,Founded 2007 by indie producers.
43,France,프랑스,HENRI – La Cinémathèque française,HENRI – La Cinémathèque française,https://www.cinematheque.fr/henri,Free (non-profit),"Rare, restored & unpublished films",Active,National Film Archive / Cinematheque,Added,Free; many titles with English subtitles.
44,France / Germany,프랑스/독일,ARTE Boutique,ARTE Boutique,https://boutique.arte.tv,TVOD + AVOD,"European cinema, docs, series (FR/DE public)",Active,Public Broadcaster,Added,ARTE also streams much European cinema free on arte.tv.
45,Germany,독일,alleskino,alleskino,https://www.alleskino.de,TVOD + SVOD,"German film heritage (Weimar, DEFA/GDR, indie)",Active,Arthouse / Curated,Original,48h rental/buy + 'Mein Filmclub' sub.
46,Germany / Multi,독일(다국가),filmfriend,filmfriend,https://www.filmfriend.de,Free (library),"World cinema, docs, kids — via library card",Active,Library / Educational,Added,Free via participating libraries (DE/AT/CH/LU/BE/FR/LI).
47,Germany / Austria / Switzerland,독일/오스트리아/스위스,Sooner (DE),Sooner,https://www.sooner.de,SVOD + TVOD,European arthouse & independent / festival cinema,Active,Arthouse / Curated,Added,"Separate operator from sooner.be (ContentScope, Berlin)."
48,Germany,독일,RTL+,RTL+,https://plus.rtl.de,SVOD,"Flagship German commercial SVOD; originals, sport",Active (formerly TV Now),Commercial OTT,Added,Germany's leading domestic SVOD.
49,Germany,독일,ARD Mediathek,ARD Mediathek,https://www.ardmediathek.de,Free (public),"Das Erste + regional public TV, films, docs",Active,Public Broadcaster,Added,"Free, no ads."
50,Germany,독일,ZDF Mediathek,ZDF Mediathek,https://www.zdf.de,Free (public),"ZDF catch-up + live, films, series, docs",Active,Public Broadcaster,Added,Player at zdf.de.
51,Germany,독일,MagentaTV,MagentaTV,https://www.telekom.de/magenta-tv,SVOD / IPTV (aggregator),"180+ live channels, films, sport; aggregates other OTTs",Active,Commercial OTT,Added,Deutsche Telekom flagship.
52,Germany,독일,Joyn,Joyn,https://www.joyn.de,AVOD + SVOD,"Free live TV, series, films",Active,Commercial OTT,Added,ProSiebenSat.1; Germany's largest free streamer + Joyn+ premium.
53,Germany,독일,WOW,WOW,https://www.wowtv.de,SVOD,"Sky films, series, sport",Active (ex-Sky Ticket),Commercial OTT,Added,Sky Deutschland's contract-free brand. EU-only.
54,Ireland,아일랜드,IFI@Home,IFI@Home,https://www.ifihome.ie,TVOD,Irish Film Institute: Irish & intl cinema,Active,National Film Archive / Cinematheque,Original,Correct domain ifihome.ie (not ifi.ie). Ireland-only.
55,Netherlands,네덜란드,Pathé Thuis,Pathé Thuis,https://www.pathe-thuis.nl,TVOD,Largest Dutch rent/buy; studio + Dutch films,Active,Commercial OTT,Original,48h rentals.
56,Netherlands,네덜란드,Picl,Picl,https://www.picl.nl,TVOD (virtual cinema),Premiere arthouse tied to local indie cinemas,Active,Arthouse / Curated,Added,~40 Dutch arthouses. Also in Belgium.
57,Netherlands,네덜란드,EYE Filmmuseum – Eye Film Player,Eye Film Player,https://player.eyefilm.nl,Free + TVOD,"400+ titles, silents w/ scores, restored classics",Active,National Film Archive / Cinematheque,Added,"Many free; rentals from €2. ~40% globally available, rest NL-only."
58,Netherlands,네덜란드,Videoland,Videoland,https://www.videoland.com,SVOD,"Flagship Dutch SVOD; RTL originals, crime drama",Active,Commercial OTT,Added,RTL Nederland (DPG Media).
59,Netherlands,네덜란드,NPO Start,NPO Start,https://npo.nl/start,Free (public),Dutch public broadcasting catch-up + live,Active,Public Broadcaster,Added,Free in NL (Plus tier optional).
60,Belgium,벨기에,Sooner,Sooner,https://www.sooner.be,SVOD + TVOD,Belgian + European independent / arthouse,Active,Arthouse / Curated,Original,UniversCiné Belgium (BE/NL/LU). sooner.de is a separate operator.
61,Belgium,벨기에,Proximus Pickx VOD,Proximus Pickx VOD,https://www.pickx.be,TVOD,Telco rent/buy incl. Belgian films,Active,Commercial OTT,Added,48h rentals.
62,Belgium,벨기에,Streamz,Streamz,https://www.streamz.be,SVOD,Flagship Flemish SVOD; local originals + intl,Active,Commercial OTT,Added,DPG Media + Telenet JV.
63,Belgium,벨기에,VRT MAX,VRT MAX,https://www.vrt.be/vrtmax,Free (public),"Flemish public VOD, catch-up",Active (formerly VRT NU),Public Broadcaster,Added,Free.
64,Belgium,벨기에,RTBF Auvio,Auvio,https://auvio.rtbf.be,Free (public),French-speaking Belgian public replay + live,Active,Public Broadcaster,Added,Optional paid tier.
65,Italy,이탈리아,CHILI,CHILI,https://chili.com,TVOD + AVOD,Mainstream film/TV rent-buy + free-with-ads,Active,Commercial OTT,Original,Italian-founded. NOT SVOD. Relaunched late 2025.
66,Italy,이탈리아,RaiPlay,RaiPlay,https://www.raiplay.it,Free (public),"RAI catch-up: Italian/intl films, series, docs",Active,Public Broadcaster,Original,Free. Geo-restricted to Italy.
67,Italy,이탈리아,MYmovies ONE,MYmovies ONE,https://www.mymovies.it/ondemand/one,SVOD + TVOD,"Cinephile catalog, festival/indie",Active,Arthouse / Curated,Added,Also delivers Cineteca di Bologna restored classics.
68,Italy,이탈리아,Il Cinema Ritrovato Fuori Sala (Cineteca di Bologna),Il Cinema Ritrovato Fuori Sala,https://cinetecadibologna.it,SVOD,"Restored classics, silent film, rarities",Active,National Film Archive / Cinematheque,Added,Heritage/restoration; delivered via MYmovies.
69,Italy,이탈리아,Archivio Storico Istituto Luce (Luce Cinecittà),Archivio Storico Istituto Luce,https://www.archivioluce.com,Free (public),"Newsreels (12,000+), docs (9,000+), 20th-c. Italian history",Active,National Film Archive / Cinematheque,Added,"Fully digitized, free online. UNESCO Memory of the World."
70,Italy,이탈리아,Mediaset Infinity,Mediaset Infinity,https://mediasetinfinity.mediaset.it,AVOD + SVOD,"Italian + intl series, films, live TV",Active,Commercial OTT,Added,RTI/Mediaset; free + Infinity+ premium.
71,Italy,이탈리아,NOW,NOW,https://www.nowtv.it,SVOD,"Sky films, series, sport",Active,Commercial OTT,Added,Sky Italia's contract-free brand.
72,Italy,이탈리아,TIMVISION,TIMVISION,https://www.timvision.it,SVOD (aggregator),"Films, series, sport; bundles other OTTs",Active,Commercial OTT,Added,Telecom Italia flagship.
73,Spain,스페인,Filmin,Filmin,https://www.filmin.es,SVOD + TVOD,"Arthouse, indie, European & festival cinema",Active,Arthouse / Curated,Original,"Domain is .es (not .com). ~12,000 titles."
74,Spain,스페인,FlixOlé,FlixOlé,https://www.flixole.com,SVOD,Spanish cinema heritage — largest restored Spanish-film library,Active,Arthouse / Curated,Added,"~4,500+ films; a century of Spanish cinema. Worldwide."
75,Spain,스페인,RTVE Play,RTVE Play,https://www.rtve.es/play,Free (public),"Free Spanish films, series, docs, archive",Active,Public Broadcaster,Added,Public broadcaster RTVE.
76,Spain,스페인,acontra+,acontra+,https://acontraplus.com,SVOD + TVOD,"European/international films, classics",Active,Arthouse / Curated,Added,A Contracorriente Films; sub includes monthly cinema ticket.
77,Spain,스페인,Movistar Plus+,Movistar Plus+,https://www.movistarplus.es,SVOD,"Films, series, sport, Spanish originals",Active,Commercial OTT,Added,Telefónica; ~3.74M subs (largest in Spain). Major local film financier.
78,Spain,스페인,Atresplayer,atresplayer,https://www.atresplayer.com,SVOD + AVOD,"Atresmedia originals, Spanish series/films",Active,Commercial OTT,Added,'Premium' dropped from name (2023).
79,Spain,스페인,Filmoteca Española (Vimeo),Filmoteca Española,https://vimeo.com/filmotecaespanola,Free (public),"Restored Spanish classics, silents, newsreels",Limited online,National Film Archive / Cinematheque,Added,Rotating free films on Vimeo; full platform targeted ~2026.
80,Portugal,포르투갈,Filmin Portugal,Filmin Portugal,https://www.filmin.pt,SVOD + TVOD,Author/classic/independent cinema,Active,Arthouse / Curated,Original,Distinct PT catalog.
81,Portugal,포르투갈,RTP Play,RTP Play,https://www.rtp.pt/play,Free (public),"Live TV, series, films, docs, originals",Active,Public Broadcaster,Original,Public broadcaster. Geo-blocked outside Portugal.
82,Portugal,포르투갈,OPTO by SIC,OPTO SIC,https://opto.sic.pt,AVOD + SVOD,"SIC content — series, films, docs",Active,Commercial OTT,Added,Impresa Group.
83,Portugal,포르투갈,MEO Go,MEO Go,https://tv.meo.pt,SVOD / TV Everywhere,Live TV + VOD,Active,Commercial OTT,Added,Altice Portugal.
84,Portugal,포르투갈,App NOS TV,App NOS TV,https://nostv.pt,SVOD / TV Everywhere,Live TV + VOD,Active (formerly NOS Play),Commercial OTT,Added,NOS.
85,Switzerland,스위스,"blue+ (Swisscom, formerly Teleclub)",blue+,https://tv.blue.ch,TVOD + SVOD,"Mainstream + Swiss/European productions, live TV","Active (Teleclub→blue+, 2020)",Commercial OTT,Original,Source 'store.blue.ch' was wrong; store at tv.blue.ch.
86,Switzerland,스위스,Play Suisse,Play Suisse,https://www.playsuisse.ch,"Free (public, SRG SSR)","Swiss films, series, docs, archive (multi-language subs)",Active,Public Broadcaster,Added,License-fee funded. Top Swiss pick.
87,Austria,오스트리아,Kino VOD Club,KINO VOD CLUB,https://www.vodclub.online,TVOD,Austrian cinema + European arthouse,Active,Arthouse / Curated,Original,~1/3 revenue to chosen arthouse cinema. Austria-only.
88,Austria,오스트리아,ORF ON,ORF ON,https://on.orf.at,Free (public),"ORF films, series, docs, culture",Active,Public Broadcaster,Added,Replaced ORF-TVthek (2024); hosts ex-Flimmit content.
89,Austria,오스트리아,Filmarchiv ON (Filmarchiv Austria),FILMARCHIV ON,https://www.filmarchiv.at/de/filmarchiv-on,Free (non-profit),Restored Austrian classics + historical film documents,Active,National Film Archive / Cinematheque,Added,Non-profit free streaming; classics rotate monthly.
90,Greece,그리스,Cinobo,Cinobo,https://cinobo.com,SVOD + TVOD,Arthouse/world cinema + Greek films,Active,Arthouse / Curated,Original,Greece & Cyprus. ~€8.99/mo.
91,Greece,그리스,ERTFLIX,ERTFLIX (ΕΡΤFLIX),https://www.ertflix.gr,Free / AVOD (public),"European cinema, docs, Greek & foreign series",Active,Public Broadcaster,Added,Greek public broadcaster. Geo-restricted.
92,Greece,그리스,ANT1+,ANT1+,https://antplus.gr,SVOD,"Greek originals, films, series, live TV",Active,Commercial OTT,Added,Antenna Group.
93,Nordics & Baltics (SE/NO/FI/DK),북유럽·발트,SF Anytime,SF Anytime,https://www.sfanytime.com,TVOD,"Mainstream + arthouse film/series, rent/buy",Active,Commercial OTT,Original,One pan-Nordic/Baltic platform. SF Studios. Hollywood-heavy.
94,Nordics (DK/FI/IS/NO/SE/NL),북유럽(다국가),Viaplay,Viaplay,https://viaplay.com,SVOD,"Sport, films, Nordic originals",Active,Commercial OTT,Added,Major Nordic OTT. Exited Baltics/US/UK 2024.
95,Sweden,스웨덴,TriArt Play,TriArt Play,https://www.triartplay.se,TVOD + SVOD,Curated Swedish + world arthouse,Active,Arthouse / Curated,Original,Domain triartplay.se (not triart.se/play). Sweden-only.
96,Sweden,스웨덴,Filmarkivet.se,Filmarkivet.se,https://www.filmarkivet.se,Free (public),"Shorts, non-fiction, newsreels 1897–present",Active,National Film Archive / Cinematheque,Added,"~2,000 films free (SFI + National Library)."
97,Sweden,스웨덴,SVT Play,SVT Play,https://www.svtplay.se,Free (public),"Swedish public TV; drama, film, news",Active,Public Broadcaster,Added,Sweden's first streaming platform (2006).
98,Denmark,덴마크,Filmstriben,Filmstriben,https://www.filmstriben.dk,Free (library),"Danish films, docs, children's, shorts (4,600+)",Active,Library / Educational,Original,Free via public-library login.
99,Denmark,덴마크,DRTV,DRTV,https://www.dr.dk/drtv,Free (public) + AVOD,"Danish films, series, docs, live TV",Active,Public Broadcaster,Added,"DR public broadcaster. Free, ad-free."
100,Denmark,덴마크,Danish Silent Film (Stumfilm.dk),Stumfilm.dk,https://www.stumfilm.dk/en,Free (public),Danish silent feature films & shorts 1897–1928,Active,National Film Archive / Cinematheque,Added,400+ digitized silents; many with scores & English subs. Run by DFI.
101,Finland,핀란드,Yle Areena,Yle Areena,https://areena.yle.fi,Free (public) + AVOD,"Finnish films, series, docs, live TV/radio",Active,Public Broadcaster,Original,Funded by Yle tax; ad-free. Some geo-blocked.
102,Finland,핀란드,Elonet / KAVI,Elonet,https://elonet.finna.fi,Free (public),"National film archive: Finnish features, shorts, newsreels",Active,National Film Archive / Cinematheque,Added,Run by KAVI. Free for personal/educational use.
103,Norway,노르웨이,Filmbib,Filmbib,https://filmbib.no,Free (library),"Norwegian documentaries, shorts, animation",Active,Library / Educational,Added,Run by Norwegian Film Institute. Free via library card.
104,Norway,노르웨이,Filmoteket,Filmoteket,https://filmoteket.no,Free (library),"World + Norwegian features, docs, award-winners",Active,Library / Educational,Added,Library card.
105,Norway,노르웨이,Filmrommet (Norgesfilm),Filmrommet,https://norgesfilm.no,SVOD (institutional),"~3,000 Norwegian/Nordic/intl films, docs, shorts",Active,National Film Archive / Cinematheque,Added,Access via libraries/schools (institutional login).
106,Norway,노르웨이,NRK TV,NRK TV,https://tv.nrk.no,Free (public),"Norwegian public TV; Nordic content, ad-free",Active,Public Broadcaster,Added,Canonical URL tv.nrk.no.
107,Poland,폴란드,Ninateka,Ninateka,https://ninateka.pl,Free (non-profit),"Polish docs, features, animation, concerts (7,000+)",Active,National Film Archive / Cinematheque,Original,"Operated by FINA. Free, no login."
108,Poland,폴란드,Player.pl,Player,https://player.pl,SVOD + AVOD,Polish series & films + world titles,Active,Commercial OTT,Added,TVN/WBD. Absorbed defunct VOD.pl (2024).
109,Poland,폴란드,TVP VOD,TVP VOD,https://vod.tvp.pl,Free (public) + AVOD,"Polish film/series, restored classics",Active,Public Broadcaster,Added,Telewizja Polska.
110,Poland,폴란드,35mm.online,35mm.online,https://35mm.online,Free (public),"~4,000 restored Polish films, animation, newsreels",Active,National Film Archive / Cinematheque,Added,"WFDiF/Polish Film Institute. Free HD, EN/PL subs. Distinct from Ninateka."
111,Poland,폴란드,Polsat Box Go,Polsat Box Go,https://polsatboxgo.pl,SVOD + TVOD,"Polsat channels, series, sport (40,000+ hrs)",Active,Commercial OTT,Added,Polsat. Consolidated Polsat Go.
112,Russia,러시아,Okko,Okko (Окко),https://okko.tv,SVOD + TVOD + AVOD,"Russian films, series, originals, sport",Access-restricted,Commercial OTT,Original,Sber-owned. Geoblocked outside RU/CIS; foreign cards blocked.
113,Russia,러시아,Kinopoisk,Kinopoisk (Кинопоиск),https://www.kinopoisk.ru,SVOD + TVOD,Film database + SVOD (via Yandex Plus),Access-restricted,Commercial OTT,Original,Yandex-owned. Geoblocked; sanctions block foreign cards.
114,Russia,러시아,ivi,иви,https://www.ivi.ru,AVOD + SVOD,"Films, TV, broad catalog",Active / Access-restricted,Commercial OTT,Added,~10M users. ivi+ premium tier.
115,Russia,러시아,Wink,Wink,https://wink.ru,SVOD + Free,"Films, TV, 300+ live channels",Active / Access-restricted,Commercial OTT,Added,Rostelecom-owned (state telco).
116,Russia,러시아,Premier,Премьер,https://premier.one,SVOD,"Russian originals, series",Active / Access-restricted,Commercial OTT,Added,Gazprom-Media-owned.
117,Russia,러시아,START,START,https://start.ru,SVOD,Russian films/series originals,Active / Access-restricted,Commercial OTT,Added,~1.7M subscribers.
118,Russia,러시아,KION,KION,https://kion.ru,SVOD,"Films, originals, TV channels",Active / Access-restricted,Commercial OTT,Added,MTS-owned.
119,Russia,러시아,Net-Film Newsreel Archive,Net-Film (Нет-фильм),https://www.net-film.ru/en/,Free to view (licensing TVOD),"38,000+ newsreels, docs, historical footage (USSR/Russia)",Active,National Film Archive / Cinematheque,Added,Carries Gosfilmofond content; free to watch online.
120,Czech Republic,체코,DAFilms (Doc Alliance Films),DAFilms,https://dafilms.cz,SVOD + TVOD,Documentary + experimental/festival film,Active,Arthouse / Curated,Original,Czech storefront; intl hub dafilms.com.
121,Czech Republic,체코,NFA – Filmová klasika,Národní filmový archiv – Filmová klasika,https://www.youtube.com/@Filmovaklasika,Free (public),Restored Czech feature classics (full-length),Active,National Film Archive / Cinematheque,Added,NFA's free YouTube channel (launched Dec 2024). 2 films/week.
122,Czech Republic,체코,Oneplay,Oneplay,https://www.oneplay.cz,SVOD + live,"General entertainment, originals, sport",Active,Commercial OTT,Added,Replaced Voyo CZ — Voyo + O2 TV merged into Oneplay (Mar 2025). PPF/CME.
123,Czech Republic,체코,ČT iVysílání,Česká televize iVysílání,https://www.ceskatelevize.cz/ivysilani/,Free (public),Public VOD + live news (ČT24),Active,Public Broadcaster,Added,Czech public broadcaster.
124,Hungary,헝가리,Filmio,FILMIO,https://filmio.hu,AVOD + TVOD / Free,"Hungarian films: classics, new releases, animation",Active,National Cinema / Film Institute,Original,Operated by National Film Institute (NFI). Many titles free.
125,Hungary,헝가리,RTL+,RTL+,https://www.rtlplusz.hu,SVOD,"Largest Hungarian platform; originals, films, sport",Active (formerly RTL Most),Commercial OTT,Added,Hungary's flagship commercial SVOD.
126,Hungary,헝가리,MédiaKlikk (MTVA),Médiaklikk,https://mediaklikk.hu,Free (public),"Hungarian public live + on-demand (M1–M5, Duna)",Active,Public Broadcaster,Added,Operated by MTVA / Duna Média.
127,Romania,루마니아,TIFF Unlimited,TIFF Unlimited,https://unlimited.tiff.ro,SVOD,Romanian + intl award-winning film,Active,Arthouse / Curated,Original,By Transilvania IFF. RO-territory.
128,Ukraine,우크라이나,Takflix,Takflix,https://takflix.com,TVOD + SVOD,Curated Ukrainian cinema,Active,Arthouse / Curated,Original,50% revenue to filmmakers. Worldwide access.
129,Baltics (LT/LV/EE),발트3국,Go3,Go3,https://go3.tv,SVOD + AVOD,Mainstream OTT + local Baltic film/series,Active,Commercial OTT,Original,TV3 Group. Also go3.lt / go3.lv.
130,Estonia,에스토니아,ERR Jupiter,Jupiter,https://jupiter.err.ee,Free (public),"Estonian + foreign films, series, docs",Active,Public Broadcaster,Added,Largest free Estonian platform.
131,Lithuania,리투아니아,LRT Mediateka,LRT Mediateka,https://www.lrt.lt/mediateka,Free (public),"Lithuanian programming, films, docs",Active,Public Broadcaster,Added,LRT archive. Free worldwide except rights-restricted.
132,Croatia,크로아티아,Croatian.film,Croatian.film,https://croatian.film,AVOD/Free + TVOD,~400 Croatian films,Active,National Cinema / Film Institute,Original,"Croatian Audiovisual Centre. Bilingual HR/EN, worldwide."
133,Croatia,크로아티아,HRTi,HRTi,https://hrti.hrt.hr,Free (public) + AVOD,"Croatian films & series, live TV",Active,Public Broadcaster,Added,HRT public broadcaster.
134,Slovakia,슬로바키아,DAFilms.sk,DAFilms,https://dafilms.sk,SVOD + TVOD,Documentary/festival + Slovak national film,Active,Arthouse / Curated,Original,Slovak Doc Alliance storefront.
135,Slovakia,슬로바키아,Voyo,Voyo,https://voyo.markiza.sk,SVOD,"Markíza films/series/originals, sport",Active,Commercial OTT,Added,Slovak Voyo survives separately (Czech Voyo merged into Oneplay).
136,Slovakia,슬로바키아,STVR,Slovenská televízia a rozhlas,https://www.stvr.sk,Free (public),Slovak public TV + archive,Active (formerly RTVS),Public Broadcaster,Added,Rebranded RTVS→STVR (Jul 2024).
137,South Korea,대한민국,WATCHA,왓챠,https://watcha.com,SVOD,"Curated film/drama/anime, cinephile recommendations",Access-restricted (in receivership),Arthouse / Curated,Added,In court receivership since Aug 2025; still operating but future uncertain. MAU fell sharply.
138,South Korea,대한민국,Wavve,웨이브,https://www.wavve.com,SVOD,Broadcaster (KBS/MBC) + Korean film/series,Merging,Commercial OTT,Added,TVING–Wavve merger approved 2025; integration into 2026.
139,South Korea,대한민국,TVING,티빙,https://www.tving.com,SVOD + AVOD,"CJ ENM/JTBC series, films, sports, originals",Active (merging),Commercial OTT,Added,Korea's #1 domestic OTT. Merging with Wavve.
140,South Korea,대한민국,Coupang Play,쿠팡플레이,https://www.coupangplay.com,SVOD + AVOD,"Originals, films, sports, HBO/Max titles",Active,Commercial OTT,Added,Bundled with Coupang Wow membership.
141,South Korea,대한민국,Naver Series On,네이버 시리즈온,https://serieson.naver.com,TVOD,Movie/TV purchase & rental,Defunct (sales ended 18 Dec 2024),Commercial OTT,Added,The original source's KR-TVOD reference point — but it shut down sales Dec 2024.
142,South Korea,대한민국,Laftel,라프텔,https://laftel.net,SVOD,"Anime (3,000+ titles, incl. anime films)",Active,Commercial OTT,Added,Korea's #1 anime OTT.
143,South Korea,대한민국,KMDb VOD (Korean Film Archive / KOFA),한국영화데이터베이스 VOD (한국영상자료원),https://www.kmdb.or.kr/vod,Free (public),"~680 classic Korean films, free streaming",Active,National Film Archive / Cinematheque,Added,Operated by KOFA. All VOD free since 2018. Korea's classic-film VOD channel.
144,South Korea,대한민국,Korean Classic Film (KOFA YouTube),한국고전영화 (한국영상자료원 유튜브),https://www.youtube.com/KoreanFilm,AVOD / Free,"100+ classic Korean films (1930s–1990s), Eng subs",Active,National Film Archive / Cinematheque,Added,"KOFA's free YouTube channel; English subtitles, some 4K remasters."
145,Japan,일본,U-NEXT,ユーネクスト,https://video.unext.jp,SVOD + TVOD,"Movies, anime, J-drama, Asian drama, classics",Active,Commercial OTT,Original,#2 SVOD in Japan; ~440k titles. Strong Kurosawa/Ozu classics.
146,Japan,일본,Rakuten TV,楽天TV,https://rakuten.tv/jp,TVOD + AVOD (FAST),"Movies, TV, FAST channels",Active,Commercial OTT,Original,Brand consolidated under rakuten.tv.
147,Japan,일본,DMM TV,DMM TV,https://tv.dmm.com,SVOD + TVOD,"Anime (#1 for new anime), film, drama, variety",Active,Commercial OTT,Added,¥550/mo; ~170k titles.
148,Japan,일본,JFF Theater / JFF+,JFFシアター,https://jff.jpf.go.jp,Free (non-profit),"Curated Japanese film & indie cinema, multilingual subs",Active,National Cinema / Film Institute,Added,"Japan Foundation; worldwide free, 19-language subs."
149,Japan / Multi,일본(다국가),Rakuten Viki,Rakuten Viki,https://www.viki.com,AVOD + SVOD,Pan-Asian drama/film with fan subtitles,Active,Commercial OTT,Added,Rakuten-owned; global.
150,Japan,일본,Lemino,Lemino,https://lemino.docomo.ne.jp,AVOD + SVOD,"Films, anime, drama, live sport/music",Active,Commercial OTT,Added,NTT Docomo (2023). Free tier + Premium ¥990.
151,Japan,일본,ABEMA,ABEMA,https://abema.tv,AVOD / Free,"Linear + on-demand, anime, originals",Active,Commercial OTT,Added,CyberAgent; 30M+ weekly users.
152,Japan,일본,Hulu Japan,Hulu,https://www.hulu.jp,SVOD,"J-drama, anime, films, sport",Active,Commercial OTT,Added,HJ Holdings / Nippon TV (separate from US Hulu).
153,Japan,일본,National Film Archive of Japan (NFAJ),国立映画アーカイブ,https://www.nfaj.go.jp/english/onlineservice/,Free (public),"Meiji-era films, early Japanese animation, historical footage",Limited online,National Film Archive / Cinematheque,Added,Free online collections; full features on-site only.
154,China,중국,Tencent Video,腾讯视频,https://v.qq.com,SVOD + AVOD,"C-drama, film, variety, anime",Active / Access-restricted,Commercial OTT,Original,Mainland-focused; geo+payment barriers abroad. Intl = WeTV.
155,China,중국,iQIYI,爱奇艺,https://www.iq.com,SVOD + AVOD,"C-drama, film, variety",Active,Commercial OTT,Original,iqiyi.com = mainland (geo-locked); iq.com = international.
156,China,중국,Youku,优酷,https://www.youku.com,SVOD + AVOD,"Films, drama, variety",Active / Access-restricted,Commercial OTT,Added,Alibaba-owned; one of China's 'big three'.
157,China,중국,Mango TV,芒果TV,https://www.mgtv.com,SVOD + AVOD,"Drama, variety, reality",Active / Access-restricted,Commercial OTT,Added,State-backed (Hunan TV); ~130M MAU.
158,China,중국,Bilibili,哔哩哔哩,https://www.bilibili.com,AVOD / Free,"Anime, UGC, docs, licensed film/TV",Active / Access-restricted,Commercial OTT,Added,ACG hub; 130M+ MAU.
159,China,중국,China Film Archive (China Film Art Research Center),中国电影资料馆,https://www.cfa.org.cn/,TVOD + some Free,Digitally restored Chinese classics,Limited online,National Film Archive / Cinematheque,Added,"Public streaming via official app; domestic-oriented, no English UI."
160,Hong Kong,홍콩,myTV SUPER,myTV SUPER,https://www.mytvsuper.com,SVOD + AVOD,"TVB dramas, HK film, variety, news, FAST",Active / Access-restricted,Commercial OTT,Original,TVB-owned; HK/Macau only.
161,Hong Kong,홍콩,Now E,Now E,https://www.nowe.com,AVOD + TVOD,"Movies, drama, sports",Active,Commercial OTT,Added,PCCW Media; HK-only.
162,Hong Kong,홍콩,Viu,Viu,https://www.viu.com,SVOD + AVOD,"Pan-Asian/Korean/regional dramas, Viu Originals",Active,Commercial OTT,Added,PCCW (HK origin); ~15.5M paid subs.
163,Hong Kong,홍콩,Hong Kong Film Archive (HKFA),香港電影資料館,https://www.filmarchive.gov.hk,Free (public),"Filmmakers' oral history, seminars, online exhibitions",Limited online,National Film Archive / Cinematheque,Added,LCSD. Features on-site only; online = supplementary material.
164,Taiwan,대만,friDay Video,friDay影音,https://video.friday.tw,SVOD + TVOD + AVOD,"Theatrical film, K/J/Taiwan/C-drama, anime",Active,Commercial OTT,Original,Far EasTone-owned; Taiwan #1 domestic. Taiwan-only.
165,Taiwan,대만,CATCHPLAY+,CATCHPLAY+,https://www.catchplay.com,SVOD + TVOD,"Theatrical film, originals, Asian drama, Hollywood",Active,Commercial OTT,Added,Taiwan-HQ'd; also ID & SG.
166,Taiwan,대만,LINE TV,LINE TV,https://tv.line.me,AVOD + SVOD,"Taiwan dramas, variety, originals",Active (Taiwan only),Commercial OTT,Added,—
167,Taiwan,대만,myVideo,myVideo (影音隨看),https://www.myvideo.net.tw,SVOD + TVOD,"Movies, dramas, anime, live sports",Active (Taiwan only),Commercial OTT,Added,Taiwan Mobile (Fubon).
168,Taiwan,대만,Hami Video,Hami Video,https://hamivideo.hinet.net,SVOD + TVOD,"Live TV, sports, movies, dramas",Active (Taiwan only),Commercial OTT,Added,Chunghwa Telecom; #1 domestic OTT by paid subs.
169,Taiwan,대만,Taiwan Film and Audiovisual Institute (TFAI),國家電影及視聽文化中心,https://player.tfai.org.tw/en/watchnow,Free (public),"Restored Taiwanese classics, newsreels, TFAI content",Limited online,National Film Archive / Cinematheque,Added,Most features on-site only; online = newsreels + TFAI's own content.
170,India,인도,Eros Now,Eros Now,https://erosnow.com,SVOD,"Bollywood film, originals, music",Active (financially distressed),Commercial OTT,Original,Operational in 2026; parent rebranded to Eros Media World.
171,India,인도,JioHotstar (formerly Disney+ Hotstar),JioHotstar,https://www.jiohotstar.com,SVOD + AVOD,"Bollywood, regional, Hollywood, sports",Rebranded (Feb 2025),Commercial OTT,Original,Merged with JioCinema → JioHotstar 14 Feb 2025. hotstar.com redirects.
172,India,인도,aha,aha,https://www.aha.video,SVOD + AVOD,"Telugu & Tamil film, originals, live TV",Active,Commercial OTT,Added,Regional South Indian.
173,India,인도,Sun NXT,Sun NXT,https://www.sunnxt.com,SVOD,South Indian film/TV (4 languages),Active,Commercial OTT,Added,Sun TV Network.
174,India,인도,hoichoi,hoichoi,https://www.hoichoi.tv,SVOD,"Bengali film, series, originals",Active,Commercial OTT,Added,SVF Entertainment.
175,India,인도,ZEE5,ZEE5,https://www.zee5.com,SVOD + AVOD,"Indian films, series, multilingual",Active,Commercial OTT,Added,Zee Entertainment.
176,India,인도,SonyLIV,SonyLIV,https://www.sonyliv.com,SVOD + AVOD,"Indian films, originals, sport",Active,Commercial OTT,Added,Sony Pictures Networks India.
177,India,인도,Cinemas of India (NFDC),Cinemas of India (NFDC),https://www.cinemasofindia.com,Free + TVOD + SVOD,"Restored Indian parallel/art cinema (Ray, Benegal)",Active,National Cinema / Film Institute,Added,NFDC. Also a Prime Video add-on (₹199/yr).
178,India,인도,Films Division (NFDC),फिल्म्स डिवीजन,https://www.youtube.com/user/FilmsDivision,Free (gov),"Govt documentaries, shorts, animation, newsreels 1948–",Active,National Film Archive / Cinematheque,Added,Merged into NFDC (2023). Free; India's key public archive stream.
179,Thailand,태국,GagaOOLala,GagaOOLala,https://www.gagaoolala.com,SVOD + AVOD,LGBTQ+ / BL / GL film & series (pan-Asian),Active,Commercial OTT,Original,Taiwan-HQ'd; 248 territories.
180,Thailand,태국,TrueID,TrueID,https://trueid.net,AVOD + SVOD + TVOD,"Thai + regional content, sports",Active,Commercial OTT,Added,True Digital Group (CP Group). Huge in Thailand.
181,Thailand,태국,WeTV,WeTV,https://wetv.vip,AVOD + SVOD,"Chinese/Korean/Thai dramas, Thai originals",Active,Commercial OTT,Added,Tencent Video international.
182,Thailand,태국,Film Archive (Public Organization) Thailand,หอภาพยนตร์ (องค์การมหาชน),https://www.youtube.com/user/FilmArchiveThailand,Free (public),"Restored Thai classics, earliest Thai films, newsreels",Active,National Film Archive / Cinematheque,Added,YouTube is the public venue; hundreds of restored films free.
183,Philippines,필리핀,iWant (formerly iWantTFC),iWant,https://www.iwanttfc.com,AVOD + SVOD,"Filipino film, Kapamilya drama, live channels","Rebranded (iWantTFC→iWant, Jul 2025)",Commercial OTT,Original,ABS-CBN; relaunched Jul 2025 with 4K.
184,Philippines,필리핀,VMX (formerly Vivamax),VMX,https://www.vivamax.net,SVOD,Filipino original films & series,"Active (Vivamax→VMX, Oct 2024)",Commercial OTT,Added,Viva Communications.
185,Philippines,필리핀,Cignal Play,Cignal Play,https://cignalplay.com,SVOD + TVOD,"Live TV, local + intl hits, microdrama",Active,Commercial OTT,Added,Cignal TV (MediaQuest/PLDT).
186,Philippines,필리핀,JuanFlix (FDCP),JuanFlix,https://juanflix.com.ph,TVOD / SVOD,"Restored Filipino classics (PFA), indie & festival films",Limited – relaunching early 2026,National Cinema / Film Institute,Added,FDCP's streaming arm. Paused Sep 2025; verify live before use.
187,Indonesia,인도네시아,Bioskop Online,Bioskop Online,https://www.bioskoponline.com,TVOD,"Indonesian cinema, originals, docs, concerts",Active,Commercial OTT,Original,Visinema-owned; pay-per-view.
188,Indonesia,인도네시아,Vidio,Vidio,https://www.vidio.com,SVOD + AVOD,"Indonesian originals, film, live sports",Active,Commercial OTT,Added,#1 OTT in Indonesia (2025).
189,Indonesia,인도네시아,KlikFilm,KlikFilm,https://www.klikfilm.com,SVOD + TVOD,"Indonesian box-office film, festival, Asian cinema",Active,Commercial OTT,Added,Falcon Pictures-linked. Domain is .com.
190,Indonesia,인도네시아,Vision+,Vision+,https://www.visionplus.id,AVOD + SVOD,"Indonesian originals, live sport, 60+ channels",Active,Commercial OTT,Added,MNC Group.
191,Indonesia,인도네시아,IndonesianaTV,Indonesiana.TV,https://indonesiana.tv,Free (gov OTT),Indonesian arts/culture + restored classic films,Active,National Cinema / Film Institute,Added,"Directorate General of Culture. 1,500+ titles incl. restored national classics."
192,Vietnam,베트남,Galaxy Play,Galaxy Play,https://galaxyplay.vn,SVOD + TVOD,"Vietnamese film/series, Asian & Hollywood, anime",Active,Commercial OTT,Original,Galaxy Entertainment; ~11M users.
193,Vietnam,베트남,FPT Play,FPT Play,https://fptplay.vn,SVOD + TVOD + AVOD,"Vietnamese film/series, anime, ~120 TV channels, sports",Active,Commercial OTT,Added,FPT Telecom; ~39% Vietnam OTT share (#1).
194,Vietnam,베트남,VieON,VieON,https://vieon.vn,SVOD + AVOD,"Vietnamese + Asian films, series, originals",Active,Commercial OTT,Added,DatVietVAC-owned; largest domestic streamer.
195,Vietnam,베트남,VTV Go,VTV Go,https://vtvgo.vn,Free (public),"National TV channels, VTV dramas, news, sport",Active,Public Broadcaster,Added,State broadcaster VTV.
196,Vietnam,베트남,Danet,DANET,https://danet.vn,TVOD + SVOD + AVOD,"Hollywood + Vietnamese films, K-dramas",Active,Commercial OTT,Added,Operated by BHD.
197,Vietnam,베트남,Vietnam Film Institute,Viện Phim Việt Nam,https://www.youtube.com/channel/UCOgqAN0aaPzIO7c5g-GJtGQ,Free (public),"Archival Vietnamese feature, documentary & animated films",Limited online,National Film Archive / Cinematheque,Added,National archive (VFI). Public viewing via YouTube.
198,Malaysia,말레이시아,tonton,tonton,https://www.tonton.com.my,AVOD + SVOD,"Malay drama, film, live TV (Media Prima)",Active,Commercial OTT,Original,Free tier + TontonUp.
199,Malaysia,말레이시아,sooka,sooka,https://sooka.my,AVOD + SVOD,"Live sport (EPL, F1), Malay/K/Chinese dramas",Active (Malaysia only),Commercial OTT,Added,Astro. #1 sports app in Malaysia.
200,Malaysia,말레이시아,Astro GO,Astro GO,https://astrogo.astro.com.my,SVOD (TV Everywhere),"Astro originals, series, films, live sport",Active (Malaysia only),Commercial OTT,Added,EPL rights 2025-28.
201,Singapore,싱가포르,National Archives of Singapore – Audiovisual,Arkib Negara Singapura,https://www.nas.gov.sg/archivesonline/audiovisual_records/,Free (gov),"Singapore newsreels, Ministry of Culture docs, home movies",Active,National Film Archive / Cinematheque,Added,"Free clips worldwide; mostly segments, not full features."
202,Singapore,싱가포르,Asian Film Archive – AFA Channel (Viddsee),Asian Film Archive,https://www.viddsee.com/channel/afa,Free (AVOD),Curated SE Asian / Singaporean short films,Limited online,National Film Archive / Cinematheque,Added,Online viewing via Viddsee + YouTube; features screened theatrically.
203,Iran,이란,Filimo,فیلیمو,https://www.filimo.com,SVOD,"Iranian & international film/series, originals",Active / Access-restricted,Commercial OTT,Original,~50%+ domestic share (SabaIdea). Geo/payment blocked outside Iran; diaspora arm 'Televika'.
204,Iran,이란,Namava,نماوا,https://www.namava.ir,SVOD,Iranian + international film/series,Access-restricted,Commercial OTT,Added,Filimo rival (Shatel). Blocked by judiciary May 2025; volatile.
205,Iran,이란,Filmnet,فیلم‌نت,https://www.filmnet.ir,SVOD,Iranian + international film/series,Active / Access-restricted,Commercial OTT,Added,Third major Iranian SVOD.
206,Turkey,터키,Max (formerly BluTV),Max,https://www.max.com,SVOD,Turkish originals + WBD/HBO catalog,Rebranded/Defunct as BluTV (15 Apr 2025),Commercial OTT,Original,"BluTV dissolved 15 Apr 2025, merged into Max."
207,Turkey,터키,tabii (TRT),tabii,https://www.tabii.com,AVOD (Free) + SVOD,"Turkish series/film, TRT originals; global",Active,Public Broadcaster,Added,TRT public broadcaster. Free basic tier.
208,Turkey,터키,puhutv,puhutv,https://www.puhutv.com,AVOD (Free),Turkish series/film (Star TV/Show TV archives),Active,Commercial OTT,Added,"Free, ad-supported."
209,Turkey,터키,Gain,Gain,https://www.gain.tv,SVOD,"Turkish originals, film, series",Active,Commercial OTT,Added,Gain Medya.
210,Turkey,터키,Exxen,Exxen,https://www.exxen.com,SVOD,"Turkish originals, films, sport",Active,Commercial OTT,Added,Acun Medya.
211,Turkey,터키,TOD,TOD,https://www.tod.tv,SVOD,Sport + entertainment,Active,Commercial OTT,Added,beIN Media Group; MENA + Turkey.
212,Turkey,터키,Sinematek.tv,Sinematek – Dijital Sinema Kütüphanesi,https://sinematek.tv/,Free (non-profit),Turkish film heritage + cinema magazines,Active,National Film Archive / Cinematheque,Added,Digital revival of the Turkish Sinematek (1965–1980).
213,Egypt,이집트,Shahid (MBC Shahid),شاهد,https://shahid.mbc.net,SVOD + AVOD,"Largest Arabic catalog: Egyptian/Arab film, series",Active,Commercial OTT,Original,"shahid.mbc.net (not shahid.net). MBC-owned, MENA #1."
214,Egypt,이집트,WATCH IT,واتش إت,https://www.watchit.com,SVOD,"Classic + modern Egyptian film/series, originals",Active,Commercial OTT,Added,United Media Services. Strongest Egypt-native pick.
215,Egypt,이집트,Cimatheque – Alternative Film Centre,سيماتيك,https://cimatheque.org/,"Free (non-profit), partial","Egyptian/Arab film heritage, rare/amateur films",Limited online,National Film Archive / Cinematheque,Added,NGO archive being digitized; partial public VOD.
216,MENA (regional),중동·북아프리카,OSN+,OSN+,https://www.osnplus.com,SVOD,"Hollywood + Arabic films, series",Active,Commercial OTT,Added,Leading MENA streamer.
217,MENA (regional),중동·북아프리카,Starz Arabia (StarzPlay),Starz Arabia,https://www.starzplayarabia.com,SVOD,"Hollywood films, series, sport",Active,Commercial OTT,Added,Lionsgate/Starz JV; 3M+ subs across 20 MENA countries.
218,MENA (regional),중동·북아프리카,Weyyak,وياك,https://weyyak.com,AVOD (Free),Arabic + Bollywood films/series,Active,Commercial OTT,Added,"Zee-owned; free ad-supported, 16,000+ hrs."
219,Saudi Arabia,사우디아라비아,Aloula,الأولى,https://aloula.sba.sa,Free (public),"Saudi/Gulf series, news, drama; 6 live channels",Active,Public Broadcaster,Added,Saudi Broadcasting Authority public platform.
220,Israel,이스라엘,Kan 11 / Kan Box,כאן 11,https://www.kan.org.il,Free (public),"Public broadcaster: TV, film, VOD library",Active,Public Broadcaster,Original,"IPBC. Free, ad-free."
221,Israel,이스라엘,IZZY (Stream Israel),איזי,https://streamisrael.tv,SVOD,Israeli movies/TV/docs (diaspora),Active,Commercial OTT,Added,Worldwide EXCEPT Israel (rights). Best for Israeli film abroad.
222,Israel,이스라엘,Yes+ / STING TV,yes+ / סטינג,https://www.sting.tv,SVOD,"Israeli + international film/series, originals",Active,Commercial OTT,Added,Yes (Israel)'s OTT; domestic.
223,Israel,이스라엘,Israel Film Archive – Jerusalem Cinematheque,ארכיון הסרטים הישראלי – סינמטק ירושלים,https://jfc.org.il/en/,Free + TVOD,"Israeli/Yishuv heritage: features, docs, newsreels",Active,National Film Archive / Cinematheque,Added,"Free historical footage (worldwide) + paid features (~$4.99, often geo-blocked to Israel)."
224,Israel,이스라엘,Steven Spielberg Jewish Film Archive,ארכיון הסרטים היהודיים,https://en.jfa.huji.ac.il/,Free (non-profit),"Jewish/Zionist documentary film, pre-state footage",Active,National Film Archive / Cinematheque,Added,Free 'Virtual Cinema' — 600+ films streamable.
225,Israel / USA,이스라엘/미국,Israel Film Center Stream,Israel Film Center Stream,https://israelfilmcenterstream.org/,TVOD + SVOD,"Israeli & Jewish-interest features, docs, shorts",Active,Arthouse / Curated,Added,Carole Zabar Center / JCC Manhattan. US-focused diaspora catalog.
226,Palestine,팔레스타인,Palestine Film Institute – Film Platform,المؤسسة الفلسطينية للفيلم,https://www.palestinefilminstitute.org/en/pfp/archive,Free (non-profit),"Palestinian cinema: features, docs, shorts",Limited online,National Cinema / Film Institute,Added,"'Film of the Week' + curated free series. Rotating, not full library."
227,Nigeria,나이지리아,IROKOtv,IROKOtv,https://irokotv.com,TVOD/SVOD (historic),Nollywood film/series,DEFUNCT (exited Nigeria ~2023; wound down 2025),Commercial OTT,Original,Paid-streaming model failed. Use AfroLandTV instead.
228,Nigeria / Africa (diaspora),나이지리아/아프리카,AfroLandTV,AfroLandTV,https://www.afrolandtv.com,AVOD (Free),Nollywood + Black/African diaspora film/TV,Active,Commercial OTT,Added,"Free, ad-supported."
229,South Africa,남아프리카공화국,Showmax,Showmax,https://www.showmax.com,SVOD (historic),"African + Peacock/Sky content, originals, sport",DEFUNCT (subs ended 1 Apr 2026; app closed 30 Apr 2026),Commercial OTT,Original,Canal+/MultiChoice shut it down; content moved to DStv Stream.
230,Africa (Francophone + SA),아프리카(프랑스어권·남아공),Canal+ (myCANAL),Canal+ / myCANAL,https://www.canalplus.com,SVOD,"Films, series, sport, African content",Active,Commercial OTT,Added,Replacing defunct Showmax across MultiChoice/DStv territories (2026). 30+ countries.
231,Algeria,알제리,Archives of the Algerian Cinematheque,أرشيف السينماتيك الجزائرية,https://www.youtube.com/@lesarchivesdelacinemathequ6771,Free (public),"Algerian/Arab/foreign film heritage, restored classics",Active,National Film Archive / Cinematheque,Added,Algerian Cinematographic Center (CAC). Full heritage films free on YouTube.
232,Morocco,모로코,SNRT Forja,فرجة,https://snrt.ma,Free (public),"Moroccan-made films/series/docs (4,000+ hrs)",Active,Public Broadcaster,Added,Forja VOD platform launched 2024.
233,Senegal,세네갈,Artfilms (Artfilms-Digital),Artfilms,https://artfilms-digital.com,SVOD / Educational (institutional),Arts/documentary/film-studies library (incl. Sembène),Active — MIS-ATTRIBUTED to Senegal,Library / Educational,Original,"Australia-based educational library, NOT a Senegalese consumer platform."
234,Kenya,케냐,Viusasa,Viusasa,https://viusasa.com,AVOD + SVOD,Kenyan/Swahili local content,Active,Commercial OTT,Added,Royal Media (Citizen TV).
235,Pakistan,파키스탄,Tamasha,تماشا,https://tamashaweb.com,AVOD + SVOD,Pakistan's largest OTT; cricket/PSL + VOD,Active,Commercial OTT,Added,By Jazz/VEON.
236,Pakistan,파키스탄,Urduflix,اردوفلکس,https://urduflix.com,SVOD,"Pakistani dramas, films, originals",Active,Commercial OTT,Added,Pakistan's 'Netflix' for originals.
237,Bangladesh,방글라데시,Chorki,চরকি,https://www.chorki.com,SVOD,"Bangla originals, films, web series",Active,Commercial OTT,Added,Backed by Prothom Alo/Transcom.
238,Bangladesh,방글라데시,Bongo,বঙ্গ,https://www.bongobd.com,AVOD + SVOD,"Bangla movies, series, live TV",Active,Commercial OTT,Added,First Bangladeshi OTT (2013).
239,Bangladesh,방글라데시,Toffee,টফি,https://toffeelive.com,Free (AVOD),"125+ live channels, sport",Active,Commercial OTT,Added,By Banglalink.
240,Bangladesh,방글라데시,Bangladesh Film Archive,বাংলাদেশ ফিল্ম আর্কাইভ,https://www.youtube.com/c/BangladeshFilmArchive,Free (gov),"Newsreels, docs, 1971 Liberation War footage, preserved films",Limited online,National Film Archive / Cinematheque,Added,National archive (est. 1978). YouTube official outlet.
241,Sri Lanka,스리랑카,HitFlix,HitFlix,https://www.slt.lk/en/hitflix,SVOD + AVOD,"Sri Lankan movies, TV, anime, docs",Active,Commercial OTT,Added,State telecom SLT-Mobitel.
242,Australia,호주,Stan,Stan,https://www.stan.com.au,SVOD,General entertainment + Australian films/series,Active,Commercial OTT,Original,Nine Entertainment. Source URL was a fake Google link; corrected.
243,Australia,호주,SBS On Demand,SBS On Demand,https://www.sbs.com.au/ondemand,AVOD (Free),World / foreign-language cinema + Australian indie,Active,Public Broadcaster,Added,Top regional pick. Free; 'SBS World Movies'. AU-only.
244,Australia,호주,ABC iview,ABC iview,https://iview.abc.net.au,Free (public),Australian public-broadcaster film/TV/docs,Active,Public Broadcaster,Added,Free (ABC). AU-only.
245,Australia,호주,Beamafilm,Beamafilm,https://www.beamafilm.com,SVOD / AVOD,Indie + documentary + Australian film,Active,Arthouse / Curated,Added,Free via many AU library cards.
246,Australia,호주,DocPlay,DocPlay,https://www.docplay.com,SVOD,Documentary (Australian/world),Active,Arthouse / Curated,Added,Madman-owned doc specialist.
247,Australia,호주,australianscreen (ASO),Australian Screen Online,https://aso.gov.au,Free (public),"Australian features, docs, TV, newsreels (~100 years)",Active,National Film Archive / Cinematheque,Added,"NFSA-operated. URL changed: australianscreen.com.au → aso.gov.au. Mostly clips/excerpts, worldwide."
248,Australia,호주,NFSA Player,NFSA Player,https://player.nfsa.gov.au,TVOD,Curated full titles from the NFSA collection,Active,National Film Archive / Cinematheque,Added,Rentals from ~$2.99. GEO-BLOCKED to Australia only.
249,Australia,호주,NFSA – free online collection,National Film and Sound Archive of Australia,https://www.nfsa.gov.au/collection,Free (public),"Curated collections, full docs (Film Australia)",Active,National Film Archive / Cinematheque,Added,Hundreds of hours free worldwide; NFSA Films YouTube hosts full titles.
250,New Zealand,뉴질랜드,NZ On Screen,NZ On Screen,https://www.nzonscreen.com,Free (public/non-profit),"NZ film/TV/music-video heritage archive (4,500+ titles)",Active,National Film Archive / Cinematheque,Original,Funded by NZ On Air. Free worldwide.
251,New Zealand,뉴질랜드,TVNZ+,TVNZ+,https://www.tvnz.co.nz,AVOD (Free),"NZ + intl TV/film, incl. Te Ao Māori section",Active,Public Broadcaster,Added,Best free NZ streamer.
252,New Zealand,뉴질랜드,MĀORI+ (Whakaata Māori),MĀORI+,https://www.maoriplus.co.nz,Free (public),"Māori film, drama, docs, kapa haka",Active,Public Broadcaster,Added,Key for indigenous NZ cinema. Free.
253,New Zealand,뉴질랜드,AroVision,AroVision,https://ondemand.arovideo.co.nz,TVOD (rent),"3,000+ festival/award films incl. NZ titles",Active,Arthouse / Curated,Added,AroVideo's curated rental platform.
254,New Zealand,뉴질랜드,Ngā Taonga Sound & Vision,Ngā Taonga,https://www.ngataonga.org.nz,Free (public),"NZ films, TV, radio, home movies; 800,000+ items from 1894",Limited online,National Film Archive / Cinematheque,Added,Free online viewing of digitized material; much is view-on-site only.
255,Iceland,아이슬란드,RÚV,Spilari RÚV / Sjónvarpið,https://www.ruv.is/sjonvarp,Free (public),"Icelandic public TV, films, catch-up",Active,Public Broadcaster,Added,Iceland's sole national flagship.
256,Bulgaria,불가리아,BNT,БНТ,https://bnt.bg,Free (public),"Bulgarian public library, films, news",Active,Public Broadcaster,Added,Full OTT launched Jan 2025.
257,Serbia,세르비아,RTS Planeta,РТС Планета,https://rtsplaneta.rs,Free (public),"Serbian public live TV/radio, catch-up, VOD",Active,Public Broadcaster,Added,EON (eon.tv) is the dominant commercial alternative.
258,Slovenia,슬로베니아,RTV 365,RTV 365,https://365.rtvslo.si,Free (public),"Slovenian public TV/radio, domestic films",Active (formerly RTV 4D),Public Broadcaster,Added,Voyo Slovenia (voyo.si) is the commercial leader.
259,Global / Multi-country,글로벌(다국가),MUBI,MUBI,https://mubi.com,SVOD + TVOD,Curated world / arthouse / festival cinema & restored classics,Active,Arthouse / Curated,Added,London-origin; ~190 countries with region-specific catalogs.
