theorist,covered,match
Achille Mbembe,Y,exact
Adin Walker,N,
Adrienne Rich,N,
Affect theory,Y,name
Afrofuturism,N,
Afrofuturism lineage,N,
Agnes Varda,N,
Aimé Césaire,N,
Alan Cholodenko,N,
Alberto Toscano,N,
Alfred Sohn-Rethel,N,
Alice Marwick,Y,name
Alisa Lebow,N,
Alistair Fox,N,
Allan Sekula,N,
Alvin K. Wong,N,
Anatoly Detwyler,N,
Andre Bazin,Y,exact
Andrew Higson,N,
Anishinaabe cosmology,N,
Ann Laura Stoler,N,
Antonio Gramsci,Y,exact
Antonio Negri,N,
applied to platform creative work,N,
applied to screen media,N,
Aristotle,Y,exact
Arlie Russell Hochschild,Y,exact
Arthur Danto,Y,exact
arts-based research),N,
Athena Athanasiou,N,
auteur theory),Y,name
autonomist Marxism,N,
Barbara Zecchi,N,
Başak Ertür,N,
Benedict Anderson,Y,exact
Bill Nichols,Y,exact
biocultural criticism (Hogan,N,
biopolitics tradition),N,
Black Gothic,N,
Black speculative fiction lineage,N,
Boaventura de Sousa Santos,Y,exact
Boyd lineage),N,
Brian R. Jacobson,N,
Bruno Latour,Y,exact
(C. S. Peirce,N,
Cahiers du cinema,N,
Caren Kaplan,N,
Carlo Cenciarelli,N,
Catherine Malabou,N,
Cathy Caruth,Y,exact
Cecília Mello,N,
Chantal Mouffe; Lauren Berlant,N,
Charles Acland,N,
Charles Acland and Haidee Wasson,N,
Christian Keathley,N,
Christian Zehnder,N,
Christopher Pinney,N,
Chuanhui Meng,N,
Concept developed by Dootson,N,
cultural trauma studies,N,
Dagmar Brunow,N,
danah boyd,Y,exact
Daniel Dayan,N,
Daniel Smith,Y,name
David Bordwell,Y,exact
David Nieborg,N,
Deborah Poole,N,
decolonial theory),N,
Diana W. Anselmo,N,
Didier Eribon,N,
documentary indexicality),N,
(documentary reflexivity,N,
Donald Winnicott,Y,name
(ecocinema studies,N,
ecocriticism,N,
Edmund Husserl,N,
Edouard Glissant,Y,exact
Edward Schiappa,N,
Elie Katz,Y,name
Elif Akcali; Ozlem Guclu,N,
Elinor Ostrom,Y,exact
Elizabeth Grosz,N,
Enrico Terrone,N,
Ethan Calof,N,
Eve Bennett,N,
Eve Kosofsky Sedgwick,Y,exact
Eve Tuck,N,
existential phenomenology,N,
extended via Thomas Keenan,N,
Eyal Weizman,N,
Félix Guattari,Y,exact
feminist film theory,N,
Fernando Solanas and Octavio Getino,N,
Forensic Architecture,N,
Francesca Coppa,N,
Frank B. Wilderson III,Y,exact
Frantz Fanon,Y,exact
Fredric Jameson,Y,exact
Friedrich Nietzsche,Y,exact
Gaur (engaging media materiality,N,
Genre,N,
(genre theory,N,
Georg Lukács,Y,exact
Georges Bataille,Y,exact
Georges Didi-Huberman,N,
Gerald Vizenor,N,
Getino,N,
Gilles Deleuze,Y,exact
Gilles Deleuze and Felix Guattari,N,
Gilles Deleuze  and spatial montage theory,N,
Giorgio Agamben,Y,exact
Glauber Rocha,Y,exact
Gloria Anzaldua,N,
Guattari),Y,surname
Gustavo Subero,N,
Guy Standing,Y,exact
Hamid Naficy,Y,exact
Hannah Arendt,Y,exact
Hannah Holtzman,N,
Harun Farocki,N,
Henri Bergson,Y,exact
Herbert Schiller,Y,exact
Hil Malatino,Y,exact
Hito Steyerl,Y,exact
Homi K. Bhabha,Y,exact
Hongwei Bao,N,
Howard Chiang,N,
Humberto Maturana and Francisco Varela,N,
image-memory studies),N,
Immanuel Kant,Y,exact
Immanuel Wallerstein,Y,exact
Inderpal Grewal,N,
Ira Jaffe,N,
Iris Murdoch,N,
Ivan Pavlov,Y,exact
Jacques Derrida,Y,exact
Jacques Ellul,N,
Jacques Rancière,Y,exact
Jan and Aleida Assmann,Y,name
Jane Bennett,Y,exact
Janet Staiger,N,
Jasbir Puar (after Deleuze,N,
Jason Mittell ; Lisa Samuels,N,
Jason W. Moore,Y,name
Jean-Francois Lyotard,Y,exact
Jean Laplanche,N,
Jean-Louis Baudry,N,
Jean-Paul Sartre,N,
Jeffrey Alexander,Y,exact
Jeffrey C. Alexander,Y,exact
Jeffrey Sconce,N,
Jerome McGann,Y,exact
Johann Wolfgang von Goethe,N,
John Bowlby,Y,exact
John Durham Peters,N,
John Thornton Caldwell,Y,name
John Tomlinson,N,
Jonathan Stubbs; Marko Kiessel,N,
Jose Esteban Munoz,Y,exact
Judith Butler,Y,exact
Julia Kristeva,Y,exact
Julio García Espinosa,N,
Jussi Parikka,Y,exact
Karen Barad,Y,exact
Karin van Es,N,
Karl Marx,Y,exact
Kate Nash),N,
Kathleen McHugh,N,
Korean division-film scholarship + melodrama theory,N,
(Kress and van Leeuwen,N,
Lauren Berlant,Y,exact
Lee Edelman,N,
Legacy Russell,N,
Linda Degh and Andrew Vazsonyi,N,
Linda Williams,Y,exact
Lisa Parks,Y,exact
literary autofiction concept,N,
Louis Althusser,Y,exact
Louisa Stein,N,
Macarena Gomez-Barris,N,
Marc Auge,N,
Marianne Hirsch,Y,exact
Marianne Hirsch; Aleida Assmann,N,
Marianne Hirsch; Cathy Caruth,N,
Martin H. Schwartz,N,
Martin Heidegger,N,
Mary Ann Doane,N,
Maurice Blanchot,N,
Maurice Halbwachs,Y,exact
Maurice Merleau-Ponty,Y,exact
Maxim Morel,N,
Mette Hjort,N,
Michaël Foessel,N,
Michael Rothberg,Y,exact
Michael Warner,Y,exact
Michel Chion,Y,exact
Michel Foucault,Y,exact
Michel Foucault  and Thomas Mathiesen,N,
Mikhail Bakhtin,Y,exact
Miranda Fricker,Y,exact
mode theory,N,
multimodal social semiotics),N,
national cinema),N,
Neue Marx-Lektüre,N,
new materialist criticism,N,
Ngũgĩ wa Thiong'o,N,
Nicholas Mirzoeff,Y,exact
Nicole Brenez,N,
Nils Bubandt,N,
Nino Dzandzava,N,
Noel Carroll,N,
Olivier Marboeuf,N,
Patrick Vonderau,N,
Patrick Wolfe,Y,exact
Paul Schroeder Rodríguez,N,
Peter Brooks,Y,exact
Peter Fonagy,N,
Pier Paolo Pasolini,N,
(postcolonial,N,
Postcolonial canon critique,N,
(presenter-led,N,
queer theory,N,
R. Murray Schafer,Y,exact
Ramon Lobato,N,
Ranjani Mazumdar,N,
Raúl Prebisch,N,
Raymond Williams,Y,exact
(recherche-création,N,
Richard C. Schwartz,Y,exact
Richard Dyer,Y,exact
Richard Wollheim,N,
Rob Nixon,N,
Robert E. Weems,N,
Robert L. Allen,N,
Robert Pfaller,N,
Roberto Esposito,Y,exact
Robin van den Akker,N,
Roger Caillois,Y,exact
Romit Dasgupta,N,
Rosalind Gill,Y,exact
Rosalind Krauss,N,
Ruth Millikan  and Putnam-style externalism,N,
Saidiya Hartman,Y,exact
Sara Ahmed,Y,exact
Sara Protasi,N,
Sarah Banet-Weiser,Y,exact
Sarah Maldoror,N,
Sarah Thomas,N,
Scott MacDonald),N,
Sebastian Scholz,N,
Sergei Eisenstein,N,
Shannon Sullivan,N,
Shu-mei Shih,N,
Shu-mei Shih; Bill Nichols,N,
Sianne Ngai,Y,exact
Siegfried Kracauer,N,
Sigmund Freud,Y,exact
Slavoj Žižek,Y,exact
Solanas,N,
Song Hwee Lim,N,
Soren Kierkegaard,N,
Stacy Alaimo,Y,exact
Stanley Cavell,Y,exact
Stephen Best and Sharon Marcus,N,
Stevie K. Seibert Desjarlais,N,
Susan Leigh Star,N,
Susan Stryker,Y,exact
T.M. Scanlon,N,
Tanya Horeck,N,
Tarleton Gillespie,Y,exact
Teshome Gabriel,N,
testimony theory),N,
Theodor Adorno,Y,exact
theory of mind,N,
Thomas Elsaesser,Y,exact
Thomas Lamarre,N,
Thomas Poell,Y,exact
Timotheus Vermeulen,N,
Timothy Morton,Y,exact
Tina-Louise Smith,N,
trace),N,
transnational cinema studies,N,
Transnational cinema theory,N,
trauma studies,N,
Trinh T. Minh-ha,N,
Ukrainian poetic cinema tradition,N,
Umberto Eco,Y,exact
Ursula Biemann,N,
V. Y. Mudimbe,N,
Val Plumwood,N,
Victor Turner,Y,exact
Vinzenz Hediger,N,
(visual culture,N,
Vivian Sobchack,Y,exact
(VR documentary empathy debate,N,
Walter Benjamin,Y,exact
Whit Pow,N,
Will Higbee,N,
(witnessing,N,
Yasmina Price,N,
