theorist,concept,native,one_liner,part,major,sub,era,source,confidence
Richard Shusterman,Somaesthetics,,Discipline studying body as locus of sensory-aesthetic appreciation and self-cultivation,ART,Aesthetics & Philosophy of Art,Classical & Philosophical Aesthetics,Contemporary,DB,high
Richard Shusterman,Body Consciousness,,Heightened awareness of bodily sensation enhances perception and self-knowledge,ART,Aesthetics & Philosophy of Art,Classical & Philosophical Aesthetics,Contemporary,DB,high
Richard Shusterman,Pragmatist Aesthetics,,Art valued for lived experience and practical transformation over fixed form,ART,Aesthetics & Philosophy of Art,Classical & Philosophical Aesthetics,Contemporary,DB,high
Richard Shusterman,Popular Art Aesthetics,,Defends popular art's legitimate aesthetic value against highbrow dismissal,ART,Aesthetics & Philosophy of Art,Classical & Philosophical Aesthetics,Contemporary,Knowledge,med
Robert Gilpin,Hegemonic Stability Theory,,Open world economy requires a dominant power to maintain it,Politics,International Relations & Security,International Relations,Modern,DB,high
Robert Gilpin,Global Political Economy,,International relations shaped by interplay of states and markets,Politics,International Relations & Security,International Relations,Modern,DB,high
Robert Gilpin,Economic Nationalism,,States subordinate economic activity to national power and security,Politics,International Relations & Security,International Relations,Modern,DB,high
Robert Gilpin,War and Change,,Hegemonic war redistributes power and resets international order,Politics,International Relations & Security,International Relations,Modern,Knowledge,med
Robert K. Merton,Manifest and Latent Functions,,Social acts have intended and unintended hidden consequences,Society,Classical Sociological Traditions,,Modern,DB,high
Robert K. Merton,Self-Fulfilling Prophecy,,A false belief evokes behavior that makes it come true,Society,Classical Sociological Traditions,,Modern,DB,high
Robert K. Merton,Strain Theory,,Gap between cultural goals and legitimate means breeds deviance,Society,Classical Sociological Traditions,,Modern,DB,high
Robert K. Merton,Anomie,,Normlessness arising from mismatch of aspirations and opportunity,Society,Classical Sociological Traditions,,Modern,DB,high
Robert K. Merton,Middle-Range Theory,,Theory bridging empirical findings and grand abstract social systems,Society,Classical Sociological Traditions,,Modern,Knowledge,high
Robert K. Merton,Matthew Effect,,Accumulated advantage gives already-recognized actors disproportionate further reward,Society,Classical Sociological Traditions,,Modern,Knowledge,high
Robert N. Butler,Ageism,,Systematic stereotyping and discrimination against people because of age,Medicine,Medical Sociology,"Chronic Illness, Aging & Dying",Modern,DB,high
Robert N. Butler,Life Review,,Older adults reappraise past life to integrate meaning before death,Medicine,Medical Sociology,"Chronic Illness, Aging & Dying",Modern,DB,high
Robert N. Butler,Productive Aging,,Reframing later life as continued meaningful contribution and engagement,Medicine,Medical Sociology,"Chronic Illness, Aging & Dying",Modern,DB,high
Robert Stebbins,Serious Leisure,,Systematic pursuit of amateur or hobbyist activity yielding durable rewards,Society,Advanced & Applied Social Theories,Culture & Media,Contemporary,DB,high
Robert Stebbins,Casual Leisure,,Immediately rewarding short-lived pleasurable activity requiring little training,Society,Advanced & Applied Social Theories,Culture & Media,Contemporary,DB,high
Robert Stebbins,Project-based Leisure,,Short-term moderately complex one-off creative leisure undertaking,Society,Advanced & Applied Social Theories,Culture & Media,Contemporary,DB,high
Robert Stebbins,Serious Leisure Perspective,,Framework mapping leisure along serious-casual-project continuum,Society,Advanced & Applied Social Theories,Culture & Media,Contemporary,Knowledge,med
Robert Sternberg,Triangular Theory of Love,,"Love composed of intimacy, passion, and commitment components",Psychology,Relationship & Interpersonal,Love & Attachment,Modern,DB,high
Robert Sternberg,Triarchic Theory of Intelligence,,"Intelligence comprises analytical, creative, and practical abilities",Psychology,Relationship & Interpersonal,Love & Attachment,Modern,DB,high
Robert Sternberg,WICS Model,,"Leadership synthesizing wisdom, intelligence, and creativity",Psychology,Relationship & Interpersonal,Love & Attachment,Modern,DB,high
Robert Sternberg,Successful Intelligence,,"Intelligence as adapting to, shaping, and selecting one's environment",Psychology,Relationship & Interpersonal,Love & Attachment,Modern,Knowledge,med
Robert Whiting,Wa,和,Group harmony Japanese baseball demands as subordination of individual to team,Culture,Global & Transnational Culture,Hybridization & World Culture,Contemporary,Web,high
Robert Whiting,Samurai Baseball,,"Japanese baseball as discipline, sacrifice, and bushido-inflected devotion",Culture,Global & Transnational Culture,Hybridization & World Culture,Contemporary,Web,high
Robert Whiting,Tokyo Underworld,,Postwar Tokyo's criminal and gray-market economy linking Japan and America,Culture,Global & Transnational Culture,Hybridization & World Culture,Contemporary,DB,high
Robert Whiting,The Chrysanthemum and the Bat,,Japanese national character read through its adopted game of baseball,Culture,Global & Transnational Culture,Hybridization & World Culture,Contemporary,DB,high
Robin James,The Sonic Episteme,,Sound-based rules structuring social life to support neoliberal biopolitics,ART,Music & Sound Studies,Sociology & Politics of Music,Contemporary,Web,high
Robin James,Resilience and Melancholy,,Neoliberalism rewards bouncing-back resilience while melancholy resists recuperation,ART,Music & Sound Studies,Sociology & Politics of Music,Contemporary,Web,high
Robin James,Sonic Feminism,,Feminist critique of how pop sound encodes and resists power,ART,Music & Sound Studies,Sociology & Politics of Music,Contemporary,DB,med
Robin R. Means Coleman,Horror Noire,,History of Black presence and authorship in American horror cinema,Critics,Identity-Based & Political,Postcolonial & Critical Race,Contemporary,Web,high
Robin R. Means Coleman,Blacks in Horror vs Black Horror,,Distinguishing films with Black figures from films by and for Black audiences,Critics,Identity-Based & Political,Postcolonial & Critical Race,Contemporary,Web,high
Robin R. Means Coleman,African American Media,,Study of representation and authorship of Blackness across media,Critics,Identity-Based & Political,Postcolonial & Critical Race,Contemporary,DB,med
Robin R. Means Coleman,Race and Genre,,Genre conventions as sites that encode and contest racial meaning,Critics,Identity-Based & Political,Postcolonial & Critical Race,Contemporary,DB,med
Roger Caillois,Paidia and Ludus,,Play ranges from spontaneous improvisation to rule-bound structured games,ART,Performance Studies & Theatre,Performance Theory & Ritual,Modern,DB,high
Roger Caillois,Mimicry,mimicry,"Play involving make-believe, role-taking, and simulation",ART,Performance Studies & Theatre,Performance Theory & Ritual,Modern,DB,high
Roger Caillois,Man Play and Games,Les jeux et les hommes,"Fourfold classification of games: agon, alea, mimicry, ilinx",ART,Performance Studies & Theatre,Performance Theory & Ritual,Modern,DB,high
Roger Caillois,Agon Alea Ilinx,,"Game types of competition, chance, and vertigo alongside mimicry",ART,Performance Studies & Theatre,Performance Theory & Ritual,Modern,Knowledge,high
Roger Fisher,Principled Negotiation,,"Negotiate on interests and objective criteria, not adversarial positions",MANAGEMENT,"Change, Crisis & Organizational Development",Crisis Management & Communication,Modern,DB,high
Roger Fisher,BATNA,,Best Alternative To a Negotiated Agreement sets your walk-away power,MANAGEMENT,"Change, Crisis & Organizational Development",Crisis Management & Communication,Modern,DB,high
Roger Fisher,Getting to Yes,,Method for reaching mutual-gain agreements by separating people from problem,MANAGEMENT,"Change, Crisis & Organizational Development",Crisis Management & Communication,Modern,DB,high
Roland Barthes,Death of the Author,La mort de l'auteur,"Text's meaning lies with readers, not the author's intentions",Critics,Formalist & Text-Centric,Structuralism & Semiotics,Modern,DB,high
Roland Barthes,Mythologies,Mythologies,Semiotic decoding of everyday signs as naturalized bourgeois ideology,Critics,Formalist & Text-Centric,Structuralism & Semiotics,Modern,DB,high
Roland Barthes,S/Z,S/Z,Structural reading parsing narrative through five interwoven codes,Critics,Formalist & Text-Centric,Structuralism & Semiotics,Modern,DB,high
Roland Barthes,Intertextuality,,Every text is woven from echoes of prior texts,Critics,Formalist & Text-Centric,Structuralism & Semiotics,Modern,DB,high
Roland Barthes,Punctum and Studium,punctum,Photographic detail that pierces the viewer beyond coded meaning,Critics,Formalist & Text-Centric,Structuralism & Semiotics,Modern,Knowledge,high
Roland Barthes,Readerly and Writerly Text,lisible/scriptible,Texts that consume passively versus those producing active co-authorship,Critics,Formalist & Text-Centric,Structuralism & Semiotics,Modern,Knowledge,high
Roland Barthes,Reality Effect,l'effet de réel,Superfluous descriptive detail signaling raw reality itself,Critics,Formalist & Text-Centric,Structuralism & Semiotics,Modern,Knowledge,high
Ronald Coase,The Coase Theorem,,Clear property rights enable efficient bargaining regardless of initial allocation,Economics,Institutional & Evolutionary Economics,Institutional Economics,Modern,DB,high
Ronald Coase,The Nature of the Firm,,Firms exist to economize on the costs of market transactions,Economics,Institutional & Evolutionary Economics,Institutional Economics,Modern,DB,high
Ronald Coase,Transaction Costs,,"Costs of searching, bargaining, and enforcing shape economic organization",Economics,Institutional & Evolutionary Economics,Institutional Economics,Modern,DB,high
Ronald Dworkin,Law as Integrity,,Judges decide as if law expresses one coherent moral vision,LAW,Jurisprudence & Legal Philosophy,Natural Law & Normative Foundations,Modern,DB,high
Ronald Dworkin,Right Answer Thesis,,"Hard legal cases have one correct answer, not judicial discretion",LAW,Jurisprudence & Legal Philosophy,Natural Law & Normative Foundations,Modern,DB,high
Ronald Dworkin,Justice for Hedgehogs,,Unity of value: ethical and moral truths form one coherent whole,LAW,Jurisprudence & Legal Philosophy,Natural Law & Normative Foundations,Modern,DB,high
Ronald Dworkin,Judge Hercules,,Ideal judge weighing all principles to find law's best interpretation,LAW,Jurisprudence & Legal Philosophy,Natural Law & Normative Foundations,Modern,Knowledge,high
Rosalind Gill,Postfeminist Sensibility,,Cultural mood treating feminism as obsolete while commodifying empowerment,Culture,Identity & Difference,"Gender, Race & Sexuality",Contemporary,DB,high
Rosalind Gill,Confidence Cult,,Imperative urging women to fix inequality by self-confidence work,Culture,Identity & Difference,"Gender, Race & Sexuality",Contemporary,DB,high
Rosalind Gill,Aesthetic Labour,,Workers required to embody and perform a prescribed look and style,Culture,Identity & Difference,"Gender, Race & Sexuality",Contemporary,DB,high
Rosemarie Garland-Thomson,Staring,,Intense visual encounter through which disability is socially constructed,Critics,Identity-Based & Political,Disability Studies,Contemporary,DB,high
Rosemarie Garland-Thomson,Extraordinary Bodies,,"Disability as culturally fabricated narrative, not bodily fact",Critics,Identity-Based & Political,Disability Studies,Contemporary,DB,high
Rosemarie Garland-Thomson,Freakery,,Cultural spectacle that constructs bodily difference as exhibited otherness,Critics,Identity-Based & Political,Disability Studies,Contemporary,DB,high
Rosemarie Garland-Thomson,Misfitting,,Friction when a body and its material environment fail to fit,Critics,Identity-Based & Political,Disability Studies,Contemporary,Knowledge,high
Rosemarie Garland-Thomson,Normate,,Unmarked cultural figure of the normal able body against which others deviate,Critics,Identity-Based & Political,Disability Studies,Contemporary,Knowledge,high
Ruha Benjamin,New Jim Code,,Discriminatory design embedded in technology under a veneer of neutrality,Society,Digital & Network Society,Social Technology & Data,Contemporary,DB,high
Ruha Benjamin,Race After Technology,,Technology reproduces racial hierarchy while appearing objective,Society,Digital & Network Society,Social Technology & Data,Contemporary,DB,high
Ruha Benjamin,Viral Justice,,Small-scale everyday acts of care compound into systemic change,Society,Digital & Network Society,Social Technology & Data,Contemporary,DB,high
Rutger Bregman,Humankind,,"Most people are fundamentally decent, contrary to cynical assumptions",History,Intellectual History,History of Ideas,Contemporary,DB,high
Rutger Bregman,Utopia for Realists,,"Case for universal basic income, open borders, shorter workweek",History,Intellectual History,History of Ideas,Contemporary,DB,high
Rutger Bregman,Realistic Utopianism,,Bold ideas once dismissed as utopian become tomorrow's common sense,History,Intellectual History,History of Ideas,Contemporary,Knowledge,med
Ruth Benedict,Patterns of Culture,,Each culture is an integrated configuration selecting from human potential,Culture,Foundations & Classical Approaches,Anthropology of Culture,Classical,DB,high
Ruth Benedict,Cultural Relativism,,"Practices judged within their own cultural context, not universal standards",Culture,Foundations & Classical Approaches,Anthropology of Culture,Classical,DB,high
Ruth Benedict,Shame vs Guilt Culture,,Cultures regulate behavior by external shame or internal guilt,Culture,Foundations & Classical Approaches,Anthropology of Culture,Classical,DB,high
Ruth Benedict,The Chrysanthemum and the Sword,,Wartime study of Japanese cultural patterns and obligation,Culture,Foundations & Classical Approaches,Anthropology of Culture,Classical,DB,high
Ruth Benedict,Apollonian and Dionysian Cultures,,Cultures ordered by restraint versus excess and ecstasy,Culture,Foundations & Classical Approaches,Anthropology of Culture,Classical,Knowledge,high
Ryan Milner,The World Made Meme,,Internet memes as shared participatory grammar of public conversation,Culture,"Digital, Media & Algorithmic Culture",Networked & Participatory Culture,Contemporary,DB,high
Ryan Milner,Polyvocal Internet,,Online culture's overlapping many-voiced collective expression,Culture,"Digital, Media & Algorithmic Culture",Networked & Participatory Culture,Contemporary,DB,high
Ryan Milner,The Ambivalent Internet,,"Online play that is simultaneously creative and antagonistic, generative and toxic",Culture,"Digital, Media & Algorithmic Culture",Networked & Participatory Culture,Contemporary,DB,high
Samuel Huntington,Clash of Civilizations,,Post-Cold-War conflict arises along cultural-civilizational fault lines,Politics,International Relations & Security,International Relations,Modern,DB,high
Samuel Huntington,The Third Wave,,Late-twentieth-century global surge of democratization,Politics,International Relations & Security,International Relations,Modern,DB,high
Samuel Huntington,Political Order in Changing Societies,,Rapid modernization without strong institutions breeds instability,Politics,International Relations & Security,International Relations,Modern,DB,high
Sander Gilman,Difference and Pathology,,Stereotypes of difference encoded as medical pathology and deviance,Medicine,Critical Medical Humanities,Cultural History of Disease,Modern,DB,high
Sander Gilman,Jewish Self-Hatred,,Internalized stigma shaping Jewish identity under antisemitic gaze,Medicine,Critical Medical Humanities,Cultural History of Disease,Modern,DB,high
Sander Gilman,Cultural History of the Body,,"Disease, beauty, and the body as historically constructed cultural images",Medicine,Critical Medical Humanities,Cultural History of Disease,Modern,DB,med
Sanjib Baruah,Durable Disorder,,Northeast India's persistent low-intensity conflict as governed condition,Politics,Political Economy & Comparative Politics,Comparative Politics,Contemporary,DB,high
Sanjib Baruah,Beyond Counter-Insurgency,,Critique of militarized governance in India's northeastern frontier,Politics,Political Economy & Comparative Politics,Comparative Politics,Contemporary,DB,high
Sanjib Baruah,Subnationalism,,Assamese regional identity contesting the Indian nation-state,Politics,Political Economy & Comparative Politics,Comparative Politics,Contemporary,DB,med
Sara Ahmed,Affective Economies,,"Emotions circulate between bodies and signs, accumulating value",Culture,"Affect, Emotion & Embodiment",Affect & Sensory Studies,Contemporary,DB,high
Sara Ahmed,Feminist Killjoy,,Figure who exposes injustice and is blamed for the discomfort,Culture,"Affect, Emotion & Embodiment",Affect & Sensory Studies,Contemporary,DB,high
Sara Ahmed,Cultural Politics of Emotion,,Emotions do political work in shaping bodies and social surfaces,Culture,"Affect, Emotion & Embodiment",Affect & Sensory Studies,Contemporary,DB,high
Sara Ahmed,Queer Phenomenology,,"How bodies become oriented toward objects, spaces, and others",Culture,"Affect, Emotion & Embodiment",Affect & Sensory Studies,Contemporary,Knowledge,high
Sara Ahmed,Happiness Object,,Things promised to cause happiness that direct desire and conformity,Culture,"Affect, Emotion & Embodiment",Affect & Sensory Studies,Contemporary,Knowledge,high
Sarah Banet-Weiser,Popular Feminism and Popular Misogyny,,Mainstream feminism and its violent misogynist backlash are co-constituted,Culture,Cultural Economy & Production,Experience Economy & Consumption,Contemporary,Web,high
Sarah Banet-Weiser,Brand Culture,,Branding becomes the cultural logic through which identity is lived,Culture,Cultural Economy & Production,Experience Economy & Consumption,Contemporary,DB,high
Sarah Banet-Weiser,Authentic™,,Authenticity itself commodified and branded within market culture,Culture,Cultural Economy & Production,Experience Economy & Consumption,Contemporary,DB,high
Sarah Banet-Weiser,Economy of Visibility,,Feminist politics reduced to being seen rather than structural change,Culture,Cultural Economy & Production,Experience Economy & Consumption,Contemporary,Web,high
Sarah Blaffer Hrdy,Mothers and Others,,Human childrearing evolved through cooperative alloparental care,Nature,Evolutionary Psychology & Adaptive Mind,"Mating, Reproduction & Sexual Strategy",Modern,DB,high
Sarah Blaffer Hrdy,Mother Nature,,"Maternal behavior as evolved, contingent, and ambivalent strategy",Nature,Evolutionary Psychology & Adaptive Mind,"Mating, Reproduction & Sexual Strategy",Modern,DB,high
Sarah Blaffer Hrdy,Infanticide,,Adaptive logic of infant killing among primates including langurs,Nature,Evolutionary Psychology & Adaptive Mind,"Mating, Reproduction & Sexual Strategy",Modern,DB,high
Sarah Blaffer Hrdy,Cooperative Breeding Hypothesis,,Shared caregiving drove the evolution of human empathy and cognition,Nature,Evolutionary Psychology & Adaptive Mind,"Mating, Reproduction & Sexual Strategy",Modern,Knowledge,high
Saskia Sassen,The Global City,,Global cities as command points organizing the world economy,Society,Advanced & Applied Social Theories,Globalization & Development,Contemporary,DB,high
Saskia Sassen,Expulsions,,Brutal economic logics expelling people from livelihood and land,Society,Advanced & Applied Social Theories,Globalization & Development,Contemporary,DB,high
Saskia Sassen,Denationalization,,Global processes hollowing out the nation-state's sovereign functions,Society,Advanced & Applied Social Theories,Globalization & Development,Contemporary,DB,high
Saskia Sassen,Global Assemblages,,"Recombined territory, authority, and rights across the national-global divide",Society,Advanced & Applied Social Theories,Globalization & Development,Contemporary,Knowledge,med
Scott McCloud,Understanding Comics,,Comics theorized as sequential art and visual language,ART,Visual Culture & Media Studies,Photography & the Image,Contemporary,DB,high
Scott McCloud,Blood in the Gutter,,Reader closure fills the gap between comic panels into continuity,ART,Visual Culture & Media Studies,Photography & the Image,Contemporary,DB,high
Scott McCloud,Making Comics,,Practical grammar of storytelling choices in comics craft,ART,Visual Culture & Media Studies,Photography & the Image,Contemporary,DB,high
Scott McCloud,The Big Triangle,,Spectrum from realistic to iconic to abstract pictorial representation,ART,Visual Culture & Media Studies,Photography & the Image,Contemporary,Knowledge,high
Sharon Hays,Intensive Mothering,,"Ideology demanding child-centered, expert-guided, labor-intensive motherhood",Family,"모성·부성·양육 이론 (Motherhood, Fatherhood & Parenting)",B. 모성·부성 (Motherhood & Fatherhood),Contemporary,DB,high
Sharon Hays,Cultural Contradictions of Motherhood,,Mothers caught between selfless nurturing and competitive market norms,Family,"모성·부성·양육 이론 (Motherhood, Fatherhood & Parenting)",B. 모성·부성 (Motherhood & Fatherhood),Contemporary,DB,high
Sharon Hays,Flat Broke with Children,,Welfare reform punishing poor mothers under contradictory family values,Family,"모성·부성·양육 이론 (Motherhood, Fatherhood & Parenting)",B. 모성·부성 (Motherhood & Fatherhood),Contemporary,DB,high
Sharon Kinsella,Cuties in Japan,,Cuteness (kawaii) as a pervasive aesthetic of Japanese consumer culture,Culture,British Cultural Studies (Birmingham School),Subculture & Fandom,Contemporary,DB,high
Sharon Kinsella,Adult Manga,,Manga as an adult medium reflecting Japanese social and political life,Culture,British Cultural Studies (Birmingham School),Subculture & Fandom,Contemporary,DB,high
Sharon Kinsella,Schoolgirls,,The schoolgirl figure as a charged icon in Japanese popular culture,Culture,British Cultural Studies (Birmingham School),Subculture & Fandom,Contemporary,DB,high
Sheri Berman,The Primacy of Politics,,"Social democracy, not Marxism, tamed capitalism via political agency",Politics,Political Economy & Comparative Politics,Comparative Politics,Contemporary,DB,high
Sheri Berman,Democracy and Dictatorship in Europe,,Long contested path from old regimes to consolidated democracy,Politics,Political Economy & Comparative Politics,Comparative Politics,Contemporary,DB,high
Sheri Berman,Social Democracy,,Political tradition reconciling markets with collective social protection,Politics,Political Economy & Comparative Politics,Comparative Politics,Contemporary,DB,high
Sherry Turkle,Alone Together,,Networked technology offers connection while deepening our isolation,Society,Digital & Network Society,Science & Technology Studies (STS),Contemporary,DB,high
Sherry Turkle,Life on the Screen,,Online life as a space for fluid identity experimentation,Society,Digital & Network Society,Science & Technology Studies (STS),Contemporary,DB,high
Sherry Turkle,Reclaiming Conversation,,Face-to-face talk eroded by devices yet vital to empathy,Society,Digital & Network Society,Science & Technology Studies (STS),Contemporary,DB,high
Sherry Turkle,Evocative Objects,,"Material things that carry thought, memory, and emotional meaning",Society,Digital & Network Society,Science & Technology Studies (STS),Contemporary,Knowledge,med
Sherryl Vint,Animal Alterity,,Science fiction as a site for rethinking the human-animal boundary,Critics,Post-Humanist & Non-Human,Animal Studies,Contemporary,DB,high
Sherryl Vint,Biopolitics in Science Fiction,,"SF dramatizes governance of life, bodies, and species",Critics,Post-Humanist & Non-Human,Animal Studies,Contemporary,DB,high
Sherryl Vint,Bodies of Tomorrow,,Embodiment and posthuman subjectivity in science fiction,Critics,Post-Humanist & Non-Human,Animal Studies,Contemporary,Knowledge,med
Sheryl Sandberg,Lean In,,Women advance by leaning into ambition despite internal and external barriers,MANAGEMENT,Leadership,"Servant, Shared & Ethical Leadership",Contemporary,DB,high
Sheryl Sandberg,Option B,,Building resilience and meaning in the face of adversity and grief,MANAGEMENT,Leadership,"Servant, Shared & Ethical Leadership",Contemporary,DB,high
Sheryl Sandberg,Women and Leadership,,Closing the leadership ambition gap between women and men,MANAGEMENT,Leadership,"Servant, Shared & Ethical Leadership",Contemporary,DB,med
Shoshana Zuboff,Surveillance Capitalism,,Human experience claimed as free raw material for behavioral prediction,Society,Digital & Network Society,Social Technology & Data,Contemporary,DB,high
Shoshana Zuboff,Behavioral Surplus,,Surplus user data harvested beyond service needs to predict behavior,Society,Digital & Network Society,Social Technology & Data,Contemporary,DB,high
Shoshana Zuboff,Instrumentarian Power,,"Power that tunes, herds, and conditions behavior at scale",Society,Digital & Network Society,Social Technology & Data,Contemporary,DB,high
Sianne Ngai,Ugly Feelings,,Minor negative affects like envy and irritation as aesthetic categories,ART,Aesthetics & Philosophy of Art,Classical & Philosophical Aesthetics,Contemporary,DB,high
Sianne Ngai,Our Aesthetic Categories,,"Zany, cute, and interesting as categories proper to late capitalism",ART,Aesthetics & Philosophy of Art,Classical & Philosophical Aesthetics,Contemporary,DB,high
Sianne Ngai,The Gimmick,,The gimmick as an aesthetic judgment about suspect labor-saving devices,ART,Aesthetics & Philosophy of Art,Classical & Philosophical Aesthetics,Contemporary,DB,high
Sianne Ngai,Stuplimity,,Aesthetic blending of shock and boredom into numbed astonishment,ART,Aesthetics & Philosophy of Art,Classical & Philosophical Aesthetics,Contemporary,Knowledge,high
Sigmund Freud,The Unconscious,das Unbewusste,Mind governed by repressed wishes outside conscious awareness,Psychology,Psychoanalytic & Psychodynamic,Classical Psychoanalysis,Classical,DB,high
Sigmund Freud,"Id, Ego, Superego",Es Ich Über-Ich,"Psyche structured into instinct, mediator, and moral conscience",Psychology,Psychoanalytic & Psychodynamic,Classical Psychoanalysis,Classical,DB,high
Sigmund Freud,Oedipus Complex,Ödipuskomplex,Child's desire for opposite-sex parent and rivalry with the other,Psychology,Psychoanalytic & Psychodynamic,Classical Psychoanalysis,Classical,DB,high
Sigmund Freud,The Uncanny,das Unheimliche,Dread of the familiar made strange and secretly returning,Psychology,Psychoanalytic & Psychodynamic,Classical Psychoanalysis,Classical,DB,high
Sigmund Freud,Transference,Übertragung,Patient redirects feelings about past figures onto the analyst,Psychology,Psychoanalytic & Psychodynamic,Classical Psychoanalysis,Classical,DB,high
Sigmund Freud,Psychosexual Development,,"Personality forms through oral, anal, phallic, latent, genital stages",Psychology,Psychoanalytic & Psychodynamic,Classical Psychoanalysis,Classical,DB,high
Sigmund Freud,Dream-Work,Traumarbeit,Latent dream wishes disguised through condensation and displacement,Psychology,Psychoanalytic & Psychodynamic,Classical Psychoanalysis,Classical,Knowledge,high
Sigmund Freud,Repression,Verdrängung,Defense banishing threatening impulses from conscious awareness,Psychology,Psychoanalytic & Psychodynamic,Classical Psychoanalysis,Classical,Knowledge,high
Silvia Federici,Wages for Housework,,Demand exposing unpaid domestic labor as foundation of capitalism,Politics,Radical & Critical Traditions,Marxism & Socialism,Contemporary,DB,high
Silvia Federici,Caliban and the Witch,,Witch hunts as primitive accumulation disciplining women's bodies,Politics,Radical & Critical Traditions,Marxism & Socialism,Contemporary,DB,high
Silvia Federici,Patriarchy of the Wage,,The wage system entrenches male power over reproductive labor,Politics,Radical & Critical Traditions,Marxism & Socialism,Contemporary,DB,high
Simon Frith,Performing Rites,,Pop music value judgments as socially situated aesthetic practice,ART,Music & Sound Studies,Sociology & Politics of Music,Contemporary,DB,high
Simon Frith,Sociology of Rock,,Rock music understood through its production and social meaning,ART,Music & Sound Studies,Sociology & Politics of Music,Contemporary,DB,high
Simon Frith,Music and Identity,,Music does not reflect identity but performs and produces it,ART,Music & Sound Studies,Sociology & Politics of Music,Contemporary,DB,high
Simon Frith,Art into Pop,,Art-school sensibility shaping British popular music,ART,Music & Sound Studies,Sociology & Politics of Music,Contemporary,DB,med
Simon May,The Power of Cute,,Cuteness as a slippery aesthetic mixing helplessness and power,ART,Aesthetics & Philosophy of Art,Classical & Philosophical Aesthetics,Contemporary,DB,high
Simon May,Love: A History,,Love reconceived as the promise of ontological rootedness,ART,Aesthetics & Philosophy of Art,Classical & Philosophical Aesthetics,Contemporary,DB,high
Simon May,Nietzsche's Ethics,,"Study of value, affirmation, and morality in Nietzsche",ART,Aesthetics & Philosophy of Art,Classical & Philosophical Aesthetics,Contemporary,DB,med
Simon Reynolds,Retromania,,Pop culture's addiction to recycling its own immediate past,Culture,Media & Communication,Visual & Sound Culture,Contemporary,DB,high
Simon Reynolds,Energy Flash,,Cultural history of rave and electronic dance music,Culture,Media & Communication,Visual & Sound Culture,Contemporary,DB,high
Simon Reynolds,Hauntology,,Music haunted by lost futures and cancelled cultural promises,Culture,Media & Communication,Visual & Sound Culture,Contemporary,Knowledge,high
Simon Reynolds,Rip It Up and Start Again,,Chronicle of post-punk's restless creative experimentation,Culture,Media & Communication,Visual & Sound Culture,Contemporary,DB,med
Simone de Beauvoir,The Second Sex,Le Deuxième Sexe,Woman constructed as Other; one is not born but becomes a woman,Politics,"Postcolonial, Feminist & Environmental Politics",Feminism & Gender in Politics,Modern,DB,high
Simone de Beauvoir,The Ethics of Ambiguity,Pour une morale de l'ambiguïté,Existentialist ethics grounded in freedom and its ambiguous conditions,Politics,"Postcolonial, Feminist & Environmental Politics",Feminism & Gender in Politics,Modern,DB,high
Simone de Beauvoir,The Coming of Age,La Vieillesse,Old age as a condition society renders invisible and other,Politics,"Postcolonial, Feminist & Environmental Politics",Feminism & Gender in Politics,Modern,DB,high
Simone de Beauvoir,Woman as Other,l'Autre,Femininity defined negatively against the male as universal subject,Politics,"Postcolonial, Feminist & Environmental Politics",Feminism & Gender in Politics,Modern,Knowledge,high
Slavoj Žižek,The Sublime Object of Ideology,,"Ideology structures desire and reality, not merely false belief",Critics,Psychoanalytic & Psychological,Freudian & Lacanian,Contemporary,DB,high
Slavoj Žižek,Ideological Fantasy,,We know ideology is false yet act as if we do not,Critics,Psychoanalytic & Psychological,Freudian & Lacanian,Contemporary,DB,high
Slavoj Žižek,Post-Politics,,Managerial consensus that forecloses genuine political antagonism,Critics,Psychoanalytic & Psychological,Freudian & Lacanian,Contemporary,DB,high
Slavoj Žižek,Parallax View,,Irreducible gap between two incompatible perspectives on the same object,Critics,Psychoanalytic & Psychological,Freudian & Lacanian,Contemporary,Knowledge,high
Slavoj Žižek,The Big Other,,Symbolic order of social norms we presume others believe in,Critics,Psychoanalytic & Psychological,Freudian & Lacanian,Contemporary,Knowledge,high
Soraya Chemaly,Rage Becomes Her,,Women's anger as legitimate political and personal power,Culture,"Affect, Emotion & Embodiment",Emotions & Emotionology,Contemporary,DB,high
Soraya Chemaly,Gender and Anger,,Society suppresses women's anger while licensing men's,Culture,"Affect, Emotion & Embodiment",Emotions & Emotionology,Contemporary,DB,high
Soraya Chemaly,Digital Harassment,,Online abuse as a gendered mechanism silencing women,Culture,"Affect, Emotion & Embodiment",Emotions & Emotionology,Contemporary,DB,high
Stanley Cavell,Pursuits of Happiness,,Hollywood remarriage comedy as moral and philosophical conversation,ART,Aesthetics & Philosophy of Art,Classical & Philosophical Aesthetics,Modern,DB,high
Stanley Cavell,The Claim of Reason,,Skepticism not refuted but lived as the human condition,ART,Aesthetics & Philosophy of Art,Classical & Philosophical Aesthetics,Modern,DB,high
Stanley Cavell,Senses of Walden,,Thoreau's writing as a philosophy of everyday redemption,ART,Aesthetics & Philosophy of Art,Classical & Philosophical Aesthetics,Modern,DB,high
Stanley Cavell,Acknowledgment,,Responding to others as an alternative to defeating skepticism,ART,Aesthetics & Philosophy of Art,Classical & Philosophical Aesthetics,Modern,Knowledge,high
Stanley Cavell,Moral Perfectionism,,"Ethics as the ongoing journey toward one's next, better self",ART,Aesthetics & Philosophy of Art,Classical & Philosophical Aesthetics,Modern,Knowledge,high
Stanley Cohen,Folk Devils and Moral Panics,,Media-amplified threat figures triggering disproportionate social alarm,Society,Advanced & Applied Social Theories,Culture & Media,Modern,DB,high
Stanley Cohen,Moral Panic,,Episode where a condition is defined as a threat to societal values,Society,Advanced & Applied Social Theories,Culture & Media,Modern,DB,high
Stanley Cohen,States of Denial,,Psychological and social mechanisms for not-knowing atrocity,Society,Advanced & Applied Social Theories,Culture & Media,Modern,DB,high
Stanley Cohen,Deviancy Amplification,,Media reaction escalates the very deviance it condemns,Society,Advanced & Applied Social Theories,Culture & Media,Modern,Knowledge,high
Stefan Helmreich,Alien Ocean,,Microbial sea life as a frontier reshaping ideas of biology,Society,Digital & Network Society,Science & Technology Studies (STS),Contemporary,DB,high
Stefan Helmreich,Silicon Second Nature,,Artificial-life science as culturally produced digital biology,Society,Digital & Network Society,Science & Technology Studies (STS),Contemporary,DB,high
Stefan Helmreich,Sounding the Limits of Life,,Sound and biology probed at the edges of what counts as living,Society,Digital & Network Society,Science & Technology Studies (STS),Contemporary,DB,med
Stella Young,Inspiration Porn,,Objectifying disabled people as inspiration for nondisabled audiences,Critics,Identity-Based & Political,Disability Studies,Contemporary,DB,high
Stella Young,Social Model of Disability,,"Disability produced by social barriers, not bodily impairment",Critics,Identity-Based & Political,Disability Studies,Contemporary,DB,high
Stella Young,Disability Activism,,Reframing disabled lives against pity and charity narratives,Critics,Identity-Based & Political,Disability Studies,Contemporary,DB,med
Stephen Prince,Screening Violence,,"How cinematic violence is stylized, regulated, and made meaningful",Critics,Formalist & Text-Centric,Stylistics & Textual Criticism,Contemporary,DB,high
Stephen Prince,Digital Visual Effects,,CGI transforming cinema's relation to photographic realism,Critics,Formalist & Text-Centric,Stylistics & Textual Criticism,Contemporary,DB,high
Stephen Prince,The Horror Film,,"Genre study of horror's history, form, and cultural function",Critics,Formalist & Text-Centric,Stylistics & Textual Criticism,Contemporary,DB,med
Stephen Prince,True Lies of Cinema,,Digital imagery is perceptually realistic yet referentially false,Critics,Formalist & Text-Centric,Stylistics & Textual Criticism,Contemporary,Knowledge,med
Steven Pinker,The Blank Slate,,"Mind has innate evolved structure, not infinite cultural malleability",Nature,Evolutionary Psychology & Adaptive Mind,Adaptive Cognition & Modularity,Contemporary,DB,high
Steven Pinker,The Better Angels of Our Nature,,Long historical decline of violence across human societies,Nature,Evolutionary Psychology & Adaptive Mind,Adaptive Cognition & Modularity,Contemporary,DB,high
Steven Pinker,Enlightenment Now,,"Reason, science, and humanism as drivers of human progress",Nature,Evolutionary Psychology & Adaptive Mind,Adaptive Cognition & Modularity,Contemporary,DB,high
Steven Pinker,Language Instinct,,Language as an innate biological adaptation of the human mind,Nature,Evolutionary Psychology & Adaptive Mind,Adaptive Cognition & Modularity,Contemporary,Knowledge,high
Stuart Hall,Encoding/Decoding,,"Audiences decode media messages in dominant, negotiated, or oppositional ways",Culture,British Cultural Studies (Birmingham School),Hegemony & Encoding/Decoding,Modern,DB,high
Stuart Hall,Cultural Identity,,"Identity as unstable production, never complete, always in process",Culture,British Cultural Studies (Birmingham School),Hegemony & Encoding/Decoding,Modern,DB,high
Stuart Hall,Representation,,Meaning produced through shared cultural systems of representation,Culture,British Cultural Studies (Birmingham School),Hegemony & Encoding/Decoding,Modern,DB,high
Stuart Hall,Articulation,,Contingent linkage of ideological elements into a unity,Culture,British Cultural Studies (Birmingham School),Hegemony & Encoding/Decoding,Modern,Knowledge,high
Stuart Hall,The Spectacle of the Other,,How difference and race are constructed in regimes of representation,Culture,British Cultural Studies (Birmingham School),Hegemony & Encoding/Decoding,Modern,Knowledge,high
Sudhir Venkatesh,Gang Leader for a Day,,Embedded ethnography of a Chicago housing-project gang economy,Society,Advanced & Applied Social Theories,Work & Organizations,Contemporary,DB,high
Sudhir Venkatesh,Off the Books,,Underground informal economy of the urban poor,Society,Advanced & Applied Social Theories,Work & Organizations,Contemporary,DB,high
Sudhir Venkatesh,Floating City,,Informal hidden economies linking rich and poor across the city,Society,Advanced & Applied Social Theories,Work & Organizations,Contemporary,DB,med
Suk-Young Kim,K-pop Live,,"K-pop's live performance, fandom, and virtual liveness as spectacle",Culture,Global & Transnational Culture,Global Cultural Industries & Diplomacy,Contemporary,DB,high
Suk-Young Kim,Illusive Utopia,,"North Korean theater, film, and spectacle as state performance",Culture,Global & Transnational Culture,Global Cultural Industries & Diplomacy,Contemporary,DB,high
Suk-Young Kim,DMZ Crossing,,Performing inter-Korean border and division through cultural texts,Culture,Global & Transnational Culture,Global Cultural Industries & Diplomacy,Contemporary,DB,med
Susan Bordo,Unbearable Weight,,Female body as a culturally inscribed text of gender and control,Culture,Identity & Difference,Embodiment & Performativity,Contemporary,DB,high
Susan Bordo,The Flight to Objectivity,,Cartesian objectivity read as a gendered cultural anxiety,Culture,Identity & Difference,Embodiment & Performativity,Contemporary,DB,high
Susan Bordo,The Body as Cultural Text,,Bodies bear and reproduce cultural meanings about gender,Culture,Identity & Difference,Embodiment & Performativity,Contemporary,Knowledge,med
Susan Brownell,Training the Body for China,,Sport and the body as sites of Chinese national modernity,ART,Sport & Physical Culture,Gender Race & Identity in Sport,Contemporary,DB,high
Susan Brownell,Chinese Body Culture,,Distinctive Chinese cultural meanings of the disciplined body,ART,Sport & Physical Culture,Gender Race & Identity in Sport,Contemporary,DB,high
Susan Brownell,Beijing's Games,,The 2008 Olympics as China's stage for global self-presentation,ART,Sport & Physical Culture,Gender Race & Identity in Sport,Contemporary,DB,med
Susan Sontag,Against Interpretation,,"Art demands an erotics, not a hermeneutics, of attention",Critics,Affect & Sensory,Embodied & Sensory Reading,Modern,Knowledge,high
Susan Sontag,Notes on Camp,,"Camp as a sensibility of artifice, exaggeration, and stylized excess",Critics,Affect & Sensory,Embodied & Sensory Reading,Modern,DB,high
Susan Sontag,On Photography,,"Photographs as acquisitive, anesthetizing ways of seeing the world",Critics,Affect & Sensory,Embodied & Sensory Reading,Modern,DB,high
Susan Sontag,Illness as Metaphor,,Stripping disease of moralizing metaphor that blames the ill,Critics,Affect & Sensory,Embodied & Sensory Reading,Modern,DB,high
Susan Sontag,Regarding the Pain of Others,,"How images of atrocity move, numb, or implicate the viewer",Critics,Affect & Sensory,Embodied & Sensory Reading,Modern,Knowledge,high
Susan Strange,Casino Capitalism,,Deregulated global finance as a destabilizing speculative gamble,Politics,Political Economy & Comparative Politics,Political Economy (Advanced),Modern,DB,high
Susan Strange,The Retreat of the State,,Power diffusing from states to markets and non-state actors,Politics,Political Economy & Comparative Politics,Political Economy (Advanced),Modern,DB,high
Susan Strange,Structural Power,,Power to shape the frameworks within which others must operate,Politics,Political Economy & Comparative Politics,Political Economy (Advanced),Modern,Knowledge,high
Svetlana Boym,Restorative vs Reflective Nostalgia,,Nostalgia that rebuilds a lost home versus one that lingers in longing,Culture,"Memory, Time, Trauma & Resilience",Cultural & Public Memory,Contemporary,DB,high
Svetlana Boym,The Future of Nostalgia,,Nostalgia as a modern longing reshaping memory and identity,Culture,"Memory, Time, Trauma & Resilience",Cultural & Public Memory,Contemporary,DB,high
Svetlana Boym,Off-Modern,,A sideways path recovering modernity's unrealized possibilities,Culture,"Memory, Time, Trauma & Resilience",Cultural & Public Memory,Contemporary,DB,high
Sylvia Walby,Theorizing Patriarchy,,Patriarchy as six interlocking structures of male domination,Society,Advanced & Applied Social Theories,Gender & Sexuality,Modern,DB,high
Sylvia Walby,Public vs Private Patriarchy,,Shift from household-based to public-sphere forms of male power,Society,Advanced & Applied Social Theories,Gender & Sexuality,Modern,DB,high
Sylvia Walby,Gender Segregation,,Structured division of women and men across work and society,Society,Advanced & Applied Social Theories,Gender & Sexuality,Modern,DB,med
Sylvia Walby,Gender Regimes,,Distinct configurations of gender relations varying across societies,Society,Advanced & Applied Social Theories,Gender & Sexuality,Modern,Knowledge,med
T.L. Taylor,Watch Me Play,,Live game streaming as a new participatory media practice,Culture,"Digital, Media & Algorithmic Culture",Networked & Participatory Culture,Contemporary,DB,high
T.L. Taylor,Esports,,Competitive gaming professionalized into spectator sport and industry,Culture,"Digital, Media & Algorithmic Culture",Networked & Participatory Culture,Contemporary,DB,high
T.L. Taylor,Play Between Worlds,,"Online game worlds blur boundaries of play, sociality, and labor",Culture,"Digital, Media & Algorithmic Culture",Networked & Participatory Culture,Contemporary,Knowledge,med
Ta-Nehisi Coates,Between the World and Me,,Letter on Black embodiment and vulnerability in racist America,Critics,Identity-Based & Political,Postcolonial & Critical Race,Contemporary,DB,high
Ta-Nehisi Coates,The Case for Reparations,,Moral and historical argument for repairing anti-Black plunder,Critics,Identity-Based & Political,Postcolonial & Critical Race,Contemporary,DB,high
Ta-Nehisi Coates,We Were Eight Years in Power,,Obama era and the white backlash that followed Black achievement,Critics,Identity-Based & Political,Postcolonial & Critical Race,Contemporary,DB,high
Talal Asad,Genealogies of Religion,,"Religion as a historically contingent, power-laden Western category",Society,Advanced & Applied Social Theories,Religion,Contemporary,DB,high
Talal Asad,Formations of the Secular,,The secular as a constructed concept entwined with modern power,Society,Advanced & Applied Social Theories,Religion,Contemporary,DB,high
Talal Asad,On Suicide Bombing,,Interrogating how Western horror distinguishes legitimate from illegitimate killing,Society,Advanced & Applied Social Theories,Religion,Contemporary,DB,high
Tamar Jeffers McDonald,Romantic Comedy: Boy Meets Girl,,Genre study mapping the rom-com's conventions and history,Critics,Intertextual & Comparative,Comparative & Adaptation,Contemporary,DB,high
Tamar Jeffers McDonald,Hollywood Catwalk,,Costume and dress as narrative and star meaning in film,Critics,Intertextual & Comparative,Comparative & Adaptation,Contemporary,DB,high
Tamar Jeffers McDonald,Movie Star Costume Studies,,How costume constructs and sustains the screen star persona,Critics,Intertextual & Comparative,Comparative & Adaptation,Contemporary,DB,med
Teddi Fishman,Educational Integrity,,Academic integrity as shared institutional and ethical culture,LAW,Critical Legal Studies & Critical Race Theory,Critical Legal Studies (CLS) & Indeterminacy,Contemporary,DB,med
Teddi Fishman,Plagiarism and Truth,,"Authorship, attribution, and honesty in scholarly work",LAW,Critical Legal Studies & Critical Race Theory,Critical Legal Studies (CLS) & Indeterminacy,Contemporary,DB,med
Teddi Fishman,Academic Ethics,,Norms governing honesty and conduct in education,LAW,Critical Legal Studies & Critical Race Theory,Critical Legal Studies (CLS) & Indeterminacy,Contemporary,DB,med
Tejaswini Ganti,Producing Bollywood,,Ethnography of Hindi film industry production and gentrification,Culture,Global & Transnational Culture,Global Cultural Industries & Diplomacy,Contemporary,DB,high
Tejaswini Ganti,Bollywood: A Guidebook,,Accessible critical introduction to popular Hindi cinema,Culture,Global & Transnational Culture,Global Cultural Industries & Diplomacy,Contemporary,DB,high
Tejaswini Ganti,Gentrification of Hindi Cinema,,Bollywood's respectability project courting elite and global audiences,Culture,Global & Transnational Culture,Global Cultural Industries & Diplomacy,Contemporary,Knowledge,med
Teresa Caldeira,City of Walls,,Fortified enclaves and fear reshaping segregated urban life,Society,Advanced & Applied Social Theories,General Social Theories,Contemporary,DB,high
Teresa Caldeira,Fortified Enclaves,,Privatized secured spaces fragmenting the public city,Society,Advanced & Applied Social Theories,General Social Theories,Contemporary,DB,high
Teresa Caldeira,Peripheral Urbanization,,City-making through residents' autoconstruction at the margins,Society,Advanced & Applied Social Theories,General Social Theories,Contemporary,Knowledge,med
Theodor Adorno,Culture Industry,Kulturindustrie,Mass culture as standardized commodity producing passive consumers,Critics,Marxist & Materialist,Frankfurt School & Critical Theory,Modern,DB,high
Theodor Adorno,Negative Dialectics,Negative Dialektik,Thought resisting false reconciliation by honoring the non-identical,Critics,Marxist & Materialist,Frankfurt School & Critical Theory,Modern,DB,high
Theodor Adorno,Pseudo-Individualization,,Standardized products masked with the illusion of personal choice,Critics,Marxist & Materialist,Frankfurt School & Critical Theory,Modern,DB,high
Theodor Adorno,The Authoritarian Personality,,Psychological syndrome predisposing individuals to fascism,Critics,Marxist & Materialist,Frankfurt School & Critical Theory,Modern,DB,high
Theodor Adorno,Instrumental Reason,,Reason reduced to a tool of domination and efficient calculation,Critics,Marxist & Materialist,Frankfurt School & Critical Theory,Modern,DB,high
Theodor Adorno,Dialectic of Enlightenment,Dialektik der Aufklärung,Enlightenment reason reverts into myth and new domination,Critics,Marxist & Materialist,Frankfurt School & Critical Theory,Modern,Knowledge,high
Thomas Carter,Sport Migration,,Global movement of athletes as labor and transnational lives,ART,Sport & Physical Culture,Sociology & Politics of Sport,Contemporary,DB,high
Thomas Carter,In Foreign Fields,,Ethnography of athletic migration and belonging,ART,Sport & Physical Culture,Sociology & Politics of Sport,Contemporary,DB,med
Thomas Carter,Politics of Cuban Sport,,Sport as nationalist project and lived politics in Cuba,ART,Sport & Physical Culture,Sociology & Politics of Sport,Contemporary,Knowledge,med
Thomas Mann & Norman Ornstein,Asymmetric Polarization,,One party drifting to the extreme drives democratic dysfunction,Politics,Democratic Theory & Contemporary Contestation,Democratic Theory (Advanced),Contemporary,Knowledge,high
Thomas Mann & Norman Ornstein,It's Even Worse Than It Looks,,American institutions broken by extremist intransigence,Politics,Democratic Theory & Contemporary Contestation,Democratic Theory (Advanced),Contemporary,DB,high
Thomas Mann & Norman Ornstein,The Broken Branch,,Congressional decline through partisanship and eroded norms,Politics,Democratic Theory & Contemporary Contestation,Democratic Theory (Advanced),Contemporary,DB,high
Thomas Piketty,Capital in the Twenty-First Century,,"When returns on capital exceed growth, inequality inexorably widens",Economics,"Welfare, Happiness & Heterodox Economics",Marxist & Heterodox Traditions,Contemporary,DB,high
Thomas Piketty,r > g,r > g,Capital's return outpacing growth concentrates wealth over time,Economics,"Welfare, Happiness & Heterodox Economics",Marxist & Heterodox Traditions,Contemporary,DB,high
Thomas Piketty,Capital and Ideology,,"Inequality is a political and ideological choice, not economic fate",Economics,"Welfare, Happiness & Heterodox Economics",Marxist & Heterodox Traditions,Contemporary,DB,high
Thomas Piketty,Patrimonial Capitalism,,Society where inherited wealth dominates over earned income,Economics,"Welfare, Happiness & Heterodox Economics",Marxist & Heterodox Traditions,Contemporary,Knowledge,high
Thomas Sowell,A Conflict of Visions,,Politics rooted in constrained versus unconstrained views of human nature,Economics,Classical & Neoclassical Economics,Classical Political Economy,Modern,DB,high
Thomas Sowell,Knowledge and Decisions,,Dispersed knowledge coordinated better by markets than central planners,Economics,Classical & Neoclassical Economics,Classical Political Economy,Modern,DB,high
Thomas Sowell,Disparities and Discrimination,,Group outcome differences need not imply discrimination,Economics,Classical & Neoclassical Economics,Classical Political Economy,Modern,DB,high
Thorstein Veblen,Conspicuous Consumption,,Spending to display wealth and status rather than utility,Economics,Institutional & Evolutionary Economics,Institutional Economics,Modern,DB,high
Thorstein Veblen,Conspicuous Leisure,,Visibly abstaining from work to signal superior social standing,Economics,Institutional & Evolutionary Economics,Institutional Economics,Modern,DB,high
Thorstein Veblen,Theory of the Leisure Class,,Critique of the wealthy's predatory display and emulation,Economics,Institutional & Evolutionary Economics,Institutional Economics,Modern,DB,high
Thorstein Veblen,Veblen Effect,,Demand rising with price because high cost signals prestige,Economics,Institutional & Evolutionary Economics,Institutional Economics,Modern,DB,high
Thorstein Veblen,Pecuniary Emulation,,Lower classes imitate the spending habits of those above them,Economics,Institutional & Evolutionary Economics,Institutional Economics,Modern,Knowledge,high
Tia DeNora,Music in Everyday Life,,Music as a resource people use to organize feeling and action,ART,Music & Sound Studies,Sociology & Politics of Music,Contemporary,DB,high
Tia DeNora,Music as Technology of Self,,"People deploy music to regulate mood, memory, and identity",ART,Music & Sound Studies,Sociology & Politics of Music,Contemporary,DB,high
Tia DeNora,After Adorno,,Rethinking music sociology beyond Adorno's pessimism,ART,Music & Sound Studies,Sociology & Politics of Music,Contemporary,DB,med
Tim Edensor,Industrial Ruins,,"Decaying industrial sites as spaces of disorder, memory, and possibility",Culture,"Material, Spatial & Heritage Culture",Cultural Geography & Place,Contemporary,DB,high
Tim Edensor,Geographies of Rhythm,,Everyday life and place structured by overlapping temporal rhythms,Culture,"Material, Spatial & Heritage Culture",Cultural Geography & Place,Contemporary,DB,high
Tim Edensor,National Identity and Popular Culture,,Nationhood reproduced through mundane everyday cultural practices,Culture,"Material, Spatial & Heritage Culture",Cultural Geography & Place,Contemporary,DB,high
